frame,across,a_level,a_x,a_y,a_source,b_level,b_x,b_y,b_source,length_m,residual_m,height_m,horizontal_m,residual_px,picture_x,picture_y,in_picture
4500,meridian,10,1009,809,10,9,505,404,9,19597.42,100.6451,100.4930,5.5325,3.461,2141.2,-153.4,0
4500,meridian,18,257925,207553,17,18,257926,207553,15,77.05,2.1800,2.1798,0.0316,3.164,646.3,3240.9,0
4500,meridian,18,257925,207552,17,19,515852,415105,15,38.22,2.1580,2.1580,0.0070,3.132,649.3,3240.9,0
4500,parallel,9,505,404,9,10,1010,810,10,11969.41,86.1887,-85.8048,8.1260,3.081,1605.5,-154.0,0
4500,meridian,18,257926,207553,15,18,257927,207553,17,76.42,2.0893,-2.0891,0.0303,3.039,632.4,2915.7,0
4500,parallel,13,8061,6484,13,14,16122,12970,14,759.59,6.5068,6.3405,1.4617,2.954,3035.9,576.6,0
4500,parallel,15,32243,25942,15,15,32243,25943,14,375.25,2.7775,2.7439,0.4304,2.941,1692.0,753.2,1
4500,parallel,9,506,405,9,8,253,203,8,23750.07,152.9863,147.4326,40.8462,2.900,385.3,-179.0,0
4500,meridian,12,4031,3241,12,11,2016,1620,11,4938.59,19.8556,-19.7751,1.7870,2.847,2692.8,52.5,0
4500,parallel,15,32240,25945,15,14,16120,12973,14,373.46,3.3510,-3.3463,0.1770,2.822,-6052.3,5628.5,0
4500,meridian,11,2017,1619,11,10,1009,809,10,9783.68,51.2048,51.1948,1.0111,2.801,2293.8,-123.2,0
4500,meridian,13,8063,6485,13,12,4032,3242,12,2456.09,12.1825,12.1580,0.7732,2.757,1174.5,43.4,1
4500,meridian,14,16123,12972,14,13,8062,6486,13,1269.76,5.8205,5.6760,1.2887,2.751,758.7,184.5,1
4500,meridian,14,16123,12970,14,13,8062,6485,13,1224.33,6.4590,-6.4589,0.0252,2.718,1625.7,263.3,1
4500,parallel,9,505,404,9,10,1011,810,10,11969.41,91.3864,90.1719,14.8490,2.707,1479.2,-166.4,0
4500,parallel,14,16123,12973,14,13,8061,6487,13,746.83,6.3864,6.3864,0.0083,2.629,-677.5,272.5,0
4500,parallel,14,16122,12973,14,13,8061,6487,13,755.21,6.3839,-6.3839,0.0083,2.626,-674.8,276.7,0
4500,parallel,15,32242,25945,15,14,16121,12973,14,375.18,3.2460,-3.2100,0.4819,2.560,-595.8,989.0,0
4500,parallel,3,8,4,3,4,17,10,4,1157454.14,7028.4744,6488.0524,2702.7075,2.557,2914.4,550.7,0
4500,meridian,12,4033,3242,12,11,2017,1621,11,4920.57,22.9644,-22.6561,3.7505,2.548,1175.1,-84.7,0
4500,parallel,18,257926,207553,15,17,128963,103777,17,46.90,1.7721,-1.7721,0.0057,2.539,393.5,3239.3,0
4500,meridian,5,33,23,5,4,17,11,4,624829.80,2692.7342,2692.6707,18.4955,2.521,1978.1,6.0,0
4500,parallel,15,32241,25945,15,14,16120,12973,14,373.42,2.7891,-2.7851,0.1482,2.384,-1726.2,1966.6,0
4500,parallel,8,253,201,8,9,506,404,9,24130.24,161.7852,-161.7082,4.9905,2.381,2082.4,-173.0,0
4500,meridian,15,32244,25943,14,15,32245,25943,15,619.18,3.1063,3.0870,0.3462,2.344,1349.5,393.2,1
4500,parallel,14,16121,12970,14,15,32242,25942,15,377.63,2.7501,2.7499,0.0355,2.332,2673.8,890.3,0
4500,meridian,14,16123,12971,14,13,8062,6485,13,1255.21,5.2995,5.2838,0.4077,2.328,1482.4,250.0,1
4500,meridian,13,8063,6487,13,12,4032,3243,12,2562.54,12.1501,11.7003,3.2756,2.314,16.4,17.8,1
4500,meridian,16,64485,51887,16,15,32243,25943,14,312.93,1.8623,1.8354,0.3154,2.270,1146.1,844.9,1
4500,meridian,16,64485,51888,16,15,32243,25944,14,312.36,1.8901,1.8376,0.4422,2.255,699.9,861.7,1
4500,parallel,13,8062,6487,13,12,4031,3244,12,1490.78,10.8539,10.8539,0.0339,2.252,-776.8,46.5,0
4500,meridian,11,2019,1620,11,10,1010,810,10,9785.79,53.2876,53.2863,0.3686,2.243,1424.7,-155.2,0
4500,meridian,13,8063,6486,13,12,4032,3243,12,2485.40,9.7190,-9.5958,1.5431,2.225,890.0,32.9,1
4500,meridian,9,505,406,9,8,253,203,8,39125.73,121.7680,121.7680,0.0662,2.184,-438.5,-171.6,0
4500,parallel,14,16118,12971,14,15,32237,25944,15,373.11,2.5979,2.5965,0.0834,2.150,NaN,NaN,0
4500,meridian,19,515854,415105,17,19,515855,415105,15,38.21,1.4614,-1.4613,0.0191,2.138,693.8,2774.9,0
4500,meridian,14,16123,12973,14,13,8062,6486,13,1241.79,4.9446,4.5605,1.9107,2.119,301.9,193.1,1
4500,parallel,3,9,4,3,4,19,10,4,1157298.17,7493.0740,6795.4674,3157.1791,2.116,1638.7,404.2,0
4500,parallel,3,9,4,3,4,18,10,4,1157381.22,7002.1831,6459.6212,2702.5657,2.116,1835.0,403.2,0
4500,parallel,19,515855,415105,15,18,257927,207553,17,23.32,1.4345,1.4323,0.0802,2.101,689.8,2774.8,0
4500,parallel,15,32244,25942,15,15,32244,25943,14,373.17,2.8000,-2.7983,0.0981,2.082,1435.9,395.3,1
4500,meridian,12,4033,3245,12,11,2017,1622,11,4895.32,25.8315,-25.8294,0.3289,2.027,-505.8,-64.0,0
4500,parallel,11,2016,1620,11,12,4033,3242,12,3000.41,16.5431,16.4996,1.1991,1.995,1686.8,-61.8,0
4500,parallel,12,4031,3241,12,13,8062,6484,13,1496.43,9.1242,9.1172,0.3584,1.968,2805.4,193.7,0
4500,parallel,18,257928,207553,15,17,128964,103777,17,46.71,1.3611,-1.3558,0.1205,1.968,523.0,2428.5,0
4500,parallel,2,4,1,2,3,9,4,3,2503910.02,9899.8842,9899.0761,126.4950,1.960,1913.2,759.6,0
4500,meridian,11,2019,1622,11,10,1010,811,10,9807.62,47.0848,46.8325,4.8672,1.915,327.1,-151.9,0
4500,parallel,14,16120,12970,14,15,32241,25942,15,405.40,2.1498,-1.9357,0.9352,1.908,3776.9,1997.1,0
4500,meridian,16,64485,51886,16,15,32243,25943,14,312.61,1.6919,1.6545,0.3537,1.904,1554.1,844.9,1
4500,parallel,8,254,203,8,7,127,102,7,46727.95,261.2706,124.1387,229.8954,1.897,-104.9,-170.3,0
4500,meridian,5,35,24,5,4,18,12,4,625473.08,2607.5329,2607.5212,7.8045,1.879,998.7,17.0,0
4500,meridian,13,8063,6484,13,12,4032,3242,12,2449.46,9.0816,9.0816,0.0251,1.869,1633.6,56.8,1
4500,meridian,12,4033,3243,12,11,2017,1621,11,4891.87,17.1235,17.1228,0.1479,1.866,607.3,-82.3,0
4500,parallel,15,32245,25945,15,14,16122,12973,14,373.10,3.1851,3.1837,0.0931,1.865,80.1,338.0,1
4500,meridian,11,2019,1621,11,10,1010,810,10,9785.53,42.1371,42.1363,0.2498,1.851,1110.5,-153.7,0
4500,meridian,18,257927,207553,17,18,257928,207553,15,76.46,1.2601,1.2600,0.0165,1.831,535.2,2644.7,0
4500,parallel,14,16122,12970,14,15,32244,25942,15,373.61,2.6280,-2.6256,0.1119,1.828,2061.5,490.1,0
4500,meridian,18,257925,207552,17,19,515852,415104,15,38.21,1.2462,1.2458,0.0298,1.815,777.5,3241.3,0
4500,meridian,11,2019,1623,11,10,1010,811,10,9784.43,45.5810,-45.5808,0.1567,1.805,222.4,-151.0,0
4500,parallel,2,4,1,2,3,8,4,3,2503761.67,7679.7892,7679.7892,0.0170,1.775,4607.3,1889.1,0
4500,parallel,15,32239,25942,15,16,64478,51886,16,186.79,1.6425,1.6425,0.0078,1.768,NaN,NaN,0
4500,parallel,15,32239,25942,15,16,64479,51886,16,186.54,1.6420,1.6411,0.0526,1.768,NaN,NaN,0
4500,meridian,14,16118,12971,14,15,32238,25943,15,611.69,1.8985,-1.8985,0.0165,1.709,NaN,NaN,0
4500,meridian,3,11,5,3,2,6,2,2,2496815.33,8041.2919,8039.7105,159.4690,1.681,286.4,614.1,0
