frame,axis,a_level,a_x,a_y,a_source,a_skirted,b_level,b_x,b_y,b_source,b_skirted,length_m,distance_m,step_max_m,step_mean_m,lateral_max_m,open_max_m,open_m2,open_px,open_px_facing,on_screen
4500,parallel,17,128962,103772,17,1,17,128962,103773,17,1,93.44,1008,0.000,0.000,0.000,0.000,0.00,0.00,0.00,0
4500,parallel,17,128963,103772,17,1,17,128963,103773,17,1,94.29,993,0.000,0.000,0.000,0.000,0.00,0.00,0.00,0
4500,parallel,17,128964,103772,17,1,17,128964,103773,17,1,93.29,988,0.000,0.000,0.000,0.000,0.00,0.00,0.00,0
4500,parallel,17,128965,103772,17,1,17,128965,103773,17,1,93.44,995,0.000,0.000,0.000,0.000,0.00,0.00,0.00,0
4500,meridian,18,257926,207548,17,0,18,257927,207548,17,0,76.41,925,0.000,0.000,0.000,0.000,0.00,0.00,0.00,0
4500,meridian,18,257926,207549,17,0,18,257927,207549,17,0,76.42,908,0.000,0.000,0.000,0.000,0.00,0.00,0.00,0
4500,meridian,19,515853,415100,17,0,19,515854,415100,17,0,38.21,899,0.000,0.000,0.000,0.000,0.00,0.00,0.00,0
4500,meridian,19,515853,415101,17,0,19,515854,415101,17,0,38.21,895,0.000,0.000,0.000,0.000,0.00,0.00,0.00,0
4500,meridian,19,515853,415102,17,0,19,515854,415102,17,0,38.24,891,0.000,0.000,0.000,0.000,0.00,0.00,0.00,0
4500,meridian,19,515853,415103,17,0,19,515854,415103,17,0,38.25,889,0.000,0.000,0.000,0.000,0.00,0.00,0.00,0
4500,meridian,19,515853,415104,15,0,19,515854,415104,17,0,38.21,889,0.519,0.411,0.002,0.519,16.98,0.00,0.00,0
4500,meridian,19,515853,415105,15,0,19,515854,415105,17,0,38.21,891,0.458,0.150,0.001,0.458,5.99,0.00,0.00,0
4500,meridian,18,257926,207553,15,0,18,257927,207553,17,0,76.42,897,2.090,0.913,0.007,2.090,51.13,0.00,0.00,0
4500,meridian,5,33,23,5,1,4,17,11,4,1,624561.86,1558359,2692.676,1024.315,18.510,0.000,0.00,0.00,0.00,0
4500,meridian,5,33,24,5,1,5,34,24,5,1,625207.74,1133271,0.156,0.059,0.012,0.000,0.00,0.00,0.00,0
4500,meridian,5,33,25,5,1,5,34,25,5,1,625812.40,952834,0.088,0.052,0.016,0.000,0.00,0.00,0.00,0
4500,meridian,5,33,26,5,1,5,34,26,5,1,626393.67,1142459,0.081,0.033,0.009,0.000,0.00,0.00,0.00,0
4500,meridian,19,515856,415100,17,0,19,515857,415100,17,0,38.22,896,0.000,0.000,0.000,0.000,0.00,0.00,0.00,0
4500,meridian,19,515856,415101,17,0,19,515857,415101,17,0,38.23,890,0.000,0.000,0.000,0.000,0.00,0.00,0.00,0
4500,meridian,19,515856,415102,15,0,19,515857,415102,15,0,38.22,886,0.000,0.000,0.000,0.000,0.00,0.00,0.00,0
4500,meridian,19,515856,415103,15,0,19,515857,415103,17,0,38.21,884,0.408,0.187,0.001,0.408,5.03,0.00,0.00,0
4500,meridian,19,515856,415104,15,0,19,515857,415104,15,0,38.21,884,0.000,0.000,0.000,0.000,0.00,0.00,0.00,0
4500,meridian,19,515856,415105,15,0,19,515857,415105,15,0,38.22,887,0.000,0.000,0.000,0.000,0.00,0.00,0.00,0
4500,meridian,15,32244,25942,15,1,15,32245,25942,15,1,611.56,1888,0.008,0.002,0.000,0.000,0.00,0.00,0.00,0
4500,meridian,15,32244,25943,14,0,15,32245,25943,15,1,611.65,1686,3.125,1.132,0.010,3.125,501.17,280.89,39.81,1
4500,meridian,15,32244,25944,14,0,15,32245,25944,15,1,611.72,1700,2.184,0.469,0.007,0.973,54.41,30.05,11.82,1
4500,meridian,15,32244,25945,14,0,15,32245,25945,15,1,612.44,1910,1.984,0.575,0.006,1.934,404.59,225.09,33.28,1
4500,meridian,18,257924,207548,17,0,18,257925,207548,17,0,76.41,936,0.000,0.000,0.000,0.000,0.00,0.00,0.00,0
4500,meridian,18,257924,207549,17,0,18,257925,207549,17,0,76.44,919,0.000,0.000,0.000,0.000,0.00,0.00,0.00,0
4500,meridian,18,257924,207550,17,0,18,257925,207550,17,0,76.41,909,0.000,0.000,0.000,0.000,0.00,0.00,0.00,0
4500,meridian,18,257924,207551,17,0,18,257925,207551,17,0,76.43,903,0.000,0.000,0.000,0.000,0.00,0.00,0.00,0
4500,meridian,18,257924,207552,17,0,18,257925,207552,17,0,76.41,904,0.000,0.000,0.000,0.000,0.00,0.00,0.00,0
4500,meridian,18,257924,207553,17,0,18,257925,207553,17,0,76.41,912,0.000,0.000,0.000,0.000,0.00,0.00,0.00,0
4500,parallel,17,128960,103776,17,1,17,128960,103777,17,1,93.28,968,0.000,0.000,0.000,0.000,0.00,0.00,0.00,0
4500,parallel,17,128961,103776,17,1,17,128961,103777,17,1,93.28,940,0.000,0.000,0.000,0.000,0.00,0.00,0.00,0
4500,parallel,18,257924,207553,17,0,17,128962,103777,17,1,46.92,923,0.000,0.000,0.000,0.000,0.00,0.00,0.00,0
4500,parallel,18,257925,207553,17,0,17,128962,103777,17,1,46.88,913,0.000,0.000,0.000,0.000,0.00,0.00,0.00,0
4500,parallel,18,257926,207553,15,0,17,128963,103777,17,1,46.85,906,1.772,0.671,0.006,0.451,3.32,0.00,0.00,0
4500,parallel,18,257927,207553,17,0,17,128963,103777,17,1,46.70,902,0.000,0.000,0.000,0.000,0.00,0.00,0.00,0
4500,parallel,18,257928,207553,15,0,17,128964,103777,17,1,46.69,901,1.366,1.227,0.004,0.000,0.00,0.00,0.00,0
4500,parallel,18,257929,207553,15,0,17,128964,103777,17,1,46.81,902,1.148,0.785,0.004,0.924,25.56,0.00,0.00,0
4500,parallel,17,128965,103776,17,1,17,128965,103777,17,1,93.45,907,0.000,0.000,0.000,0.000,0.00,0.00,0.00,0
4500,parallel,17,128966,103776,17,1,17,128966,103777,17,1,93.41,923,0.000,0.000,0.000,0.000,0.00,0.00,0.00,0
4500,parallel,17,128967,103776,17,1,17,128967,103777,17,1,93.53,947,0.000,0.000,0.000,0.000,0.00,0.00,0.00,0
4500,meridian,15,32240,25942,15,1,15,32241,25942,15,1,611.37,1259,0.005,0.003,0.000,0.000,0.00,0.00,0.00,0
4500,meridian,17,128963,103772,17,1,17,128964,103772,17,1,152.84,1024,0.001,0.000,0.000,0.000,0.00,0.00,0.00,0
4500,meridian,17,128963,103773,17,1,17,128964,103773,17,1,152.93,958,0.001,0.000,0.000,0.000,0.00,0.00,0.00,0
4500,meridian,18,257927,207548,17,0,18,257928,207548,17,0,76.41,923,0.000,0.000,0.000,0.000,0.02,0.00,0.00,0
4500,meridian,18,257927,207549,17,0,18,257928,207549,17,0,76.41,906,0.000,0.000,0.000,0.000,0.02,0.00,0.00,0
4500,meridian,19,515855,415100,17,0,19,515856,415100,17,0,38.21,896,0.001,0.000,0.000,0.001,0.01,0.00,0.00,0
4500,meridian,19,515855,415101,17,0,19,515856,415101,17,0,38.23,891,0.000,0.000,0.000,0.000,0.00,0.00,0.00,0
4500,meridian,19,515855,415102,15,0,19,515856,415102,15,0,38.22,887,0.000,0.000,0.000,0.000,0.01,0.00,0.00,0
4500,meridian,19,515855,415103,15,0,19,515856,415103,15,0,38.22,885,0.000,0.000,0.000,0.000,0.01,0.00,0.00,0
4500,meridian,19,515855,415104,15,0,19,515856,415104,15,0,38.21,885,0.000,0.000,0.000,0.000,0.01,0.00,0.00,0
4500,meridian,19,515855,415105,15,0,19,515856,415105,15,0,38.21,888,0.000,0.000,0.000,0.000,0.02,0.00,0.00,0
4500,meridian,18,257927,207553,17,0,18,257928,207553,15,0,76.41,895,1.260,0.794,0.004,1.260,44.95,0.00,0.00,0
4500,meridian,17,128963,103777,17,1,17,128964,103777,17,1,152.82,918,0.001,0.000,0.000,0.000,0.00,0.00,0.00,0
4500,meridian,16,64481,51889,16,1,16,64482,51889,16,1,305.65,1003,0.001,0.000,0.000,0.000,0.00,0.00,0.00,0
4500,meridian,15,32240,25945,15,1,15,32241,25945,15,1,611.32,1282,0.001,0.000,0.000,0.000,0.00,0.00,0.00,0
4500,parallel,8,255,200,8,1,8,255,201,8,1,49009.98,219163,0.017,0.012,0.002,0.000,0.00,0.00,0.00,0
4500,meridian,10,1009,809,10,1,9,505,404,9,1,19560.34,38369,100.778,29.158,0.347,0.000,0.00,0.00,0.00,0
4500,meridian,11,2019,1620,11,1,10,1010,810,10,1,9780.45,31109,53.288,15.655,0.153,0.000,0.00,0.00,0.00,0
4500,meridian,11,2019,1621,11,1,10,1010,810,10,1,9780.45,29508,42.137,15.119,0.121,0.000,0.00,0.00,0.00,0
4500,meridian,11,2019,1622,11,1,10,1010,811,10,1,9780.66,31064,47.354,13.189,0.156,0.000,0.00,0.00,0.00,0
4500,meridian,11,2019,1623,11,1,10,1010,811,10,1,9780.95,35364,47.050,19.219,0.157,0.000,0.00,0.00,0.00,0
4500,meridian,10,1009,812,10,1,9,505,406,9,1,19561.82,45142,34.157,17.079,0.235,0.000,0.00,0.00,0.00,0
4500,meridian,10,1010,810,10,1,10,1011,810,10,1,19560.80,41744,0.012,0.003,0.000,0.000,0.00,0.00,0.00,0
4500,meridian,10,1010,811,10,1,10,1011,811,10,1,19561.35,43905,0.002,0.002,0.000,0.000,0.00,0.00,0.00,0
4500,meridian,14,16121,12970,14,1,14,16122,12970,14,1,1226.89,2266,0.014,0.003,0.000,0.000,0.00,0.00,0.00,0
4500,meridian,15,32243,25942,15,1,15,32244,25942,15,1,611.31,1603,0.005,0.001,0.000,0.000,0.00,0.00,0.00,0
4500,meridian,15,32243,25943,14,0,15,32244,25943,14,0,611.53,1361,0.011,0.005,0.000,0.011,2.13,1.74,0.88,1
4500,meridian,15,32243,25944,14,0,15,32244,25944,14,0,611.33,1374,0.004,0.002,0.000,0.004,1.22,0.99,0.67,1
4500,meridian,15,32243,25945,14,0,15,32244,25945,14,0,611.33,1631,0.009,0.005,0.000,0.009,2.90,1.04,0.45,1
4500,meridian,14,16121,12973,14,1,14,16122,12973,14,1,1223.09,2289,0.015,0.004,0.000,0.000,0.00,0.00,0.00,0
4500,parallel,11,2017,1622,11,1,11,2017,1623,11,1,5949.11,20702,0.004,0.002,0.000,0.000,0.00,0.00,0.00,0
4500,parallel,11,2018,1622,11,1,11,2018,1623,11,1,5949.18,25248,0.006,0.004,0.000,0.000,0.00,0.00,0.00,0
4500,parallel,11,2019,1622,11,1,11,2019,1623,11,1,5949.05,30287,0.014,0.004,0.000,0.000,0.00,0.00,0.00,0
4500,meridian,3,8,4,3,1,3,9,4,3,1,2473385.76,4929490,0.143,0.062,0.078,0.000,0.00,0.00,0.00,0
4500,meridian,4,17,10,4,1,4,18,10,4,1,1244815.49,3376923,0.027,0.013,0.035,0.000,0.00,0.00,0.00,0
4500,meridian,4,17,11,4,1,4,18,11,4,1,1247086.02,2409999,0.085,0.051,0.024,0.000,0.00,0.00,0.00,0
4500,meridian,5,35,24,5,1,4,18,12,4,1,625224.35,1869714,2607.580,734.289,21.878,0.000,0.00,0.00,0.00,0
4500,meridian,5,35,25,5,1,4,18,12,4,1,625795.48,1694121,1918.426,841.944,17.388,0.000,0.00,0.00,0.00,0
4500,meridian,5,35,26,5,1,4,18,13,4,1,626361.41,1731770,1903.562,584.877,18.063,0.000,0.00,0.00,0.00,0
4500,meridian,2,6,2,2,1,2,7,2,2,1,4857996.42,9169441,0.217,0.132,0.159,0.000,0.00,0.00,0.00,0
4500,meridian,15,32238,25943,15,1,16,64478,51886,16,1,305.67,1249,0.302,0.035,0.001,0.000,0.00,0.00,0.00,0
4500,meridian,15,32238,25943,15,1,16,64478,51887,16,1,305.89,1173,1.458,0.462,0.005,0.000,0.00,0.00,0.00,0
4500,meridian,15,32238,25944,15,1,16,64478,51888,16,1,305.65,1172,0.275,0.046,0.001,0.000,0.00,0.00,0.00,0
4500,meridian,15,32238,25944,15,1,16,64478,51889,16,1,305.65,1253,0.985,0.265,0.003,0.000,0.00,0.00,0.00,0
4500,parallel,13,8061,6484,13,1,14,16122,12970,14,1,752.89,2980,6.705,1.769,0.021,0.000,0.00,0.00,0.00,0
4500,parallel,13,8061,6484,13,1,14,16123,12970,14,1,746.28,3435,3.068,1.213,0.023,0.000,0.00,0.00,0.00,0
4500,parallel,13,8062,6484,13,1,13,8062,6485,13,1,1492.51,4258,0.010,0.004,0.000,0.000,0.00,0.00,0.00,0
4500,parallel,13,8063,6484,13,1,13,8063,6485,13,1,1494.34,5526,0.004,0.001,0.000,0.000,0.00,0.00,0.00,0
4500,meridian,17,128960,103774,17,1,17,128961,103774,17,1,152.82,965,0.000,0.000,0.000,0.000,0.00,0.00,0.00,0
4500,meridian,17,128960,103775,17,1,17,128961,103775,17,1,152.86,942,0.000,0.000,0.000,0.000,0.00,0.00,0.00,0
4500,meridian,17,128960,103776,17,1,17,128961,103776,17,1,152.82,943,0.000,0.000,0.000,0.000,0.00,0.00,0.00,0
4500,meridian,17,128960,103777,17,1,17,128961,103777,17,1,152.84,968,0.000,0.000,0.000,0.000,0.00,0.00,0.00,0
4500,meridian,9,505,404,9,1,9,506,404,9,1,39119.72,63553,0.005,0.003,0.000,0.000,0.00,0.00,0.00,0
4500,meridian,10,1011,810,10,1,9,506,405,9,1,19560.89,53617,34.942,3.503,0.098,0.000,0.00,0.00,0.00,0
4500,meridian,10,1011,811,10,1,9,506,405,9,1,19561.51,55276,34.934,17.468,0.099,0.000,0.00,0.00,0.00,0
4500,meridian,9,505,406,9,1,8,253,203,8,1,39124.58,69004,121.768,52.074,0.930,0.000,0.00,0.00,0.00,0
4500,meridian,14,16120,12970,14,1,14,16121,12970,14,1,1222.93,2000,0.004,0.002,0.000,0.000,0.00,0.00,0.00,0
4500,meridian,15,32241,25942,15,1,15,32242,25942,15,1,620.19,1251,0.018,0.004,0.000,0.000,0.00,0.00,0.00,0
4500,meridian,16,64483,51886,16,1,16,64484,51886,16,1,306.95,1027,0.660,0.063,0.002,0.000,0.00,0.00,0.00,0
4500,meridian,17,128967,103774,17,1,16,64484,51887,16,1,152.94,966,0.659,0.050,0.002,0.000,0.00,0.00,0.00,0
4500,meridian,17,128967,103775,17,1,16,64484,51887,16,1,152.95,950,0.003,0.002,0.000,0.000,0.00,0.00,0.00,0
4500,meridian,17,128967,103776,17,1,16,64484,51888,16,1,152.88,954,0.002,0.001,0.000,0.000,0.00,0.00,0.00,0
4500,meridian,17,128967,103777,17,1,16,64484,51888,16,1,152.85,977,0.002,0.001,0.000,0.000,0.00,0.00,0.00,0
4500,meridian,16,64483,51889,16,1,16,64484,51889,16,1,305.65,1057,0.002,0.001,0.000,0.000,0.00,0.00,0.00,0
4500,meridian,15,32241,25945,15,1,15,32242,25945,15,1,611.29,1328,0.006,0.003,0.000,0.000,0.00,0.00,0.00,0
4500,meridian,14,16120,12973,14,1,14,16121,12973,14,1,1222.66,2075,0.006,0.006,0.000,0.000,0.00,0.00,0.00,0
4500,parallel,8,253,201,8,1,9,506,404,9,1,24128.56,84862,161.741,66.802,12.323,0.000,0.00,0.00,0.00,0
4500,parallel,8,253,201,8,1,9,507,404,9,1,24128.47,104539,96.073,48.037,12.323,0.000,0.00,0.00,0.00,0
4500,parallel,7,128,100,7,1,7,128,101,7,1,96510.24,251367,0.015,0.011,0.002,0.000,0.00,0.00,0.00,0
4500,parallel,7,129,100,7,1,7,129,101,7,1,96509.61,345694,0.006,0.003,0.003,0.000,0.00,0.00,0.00,0
4500,parallel,18,257924,207548,17,0,18,257924,207549,17,0,46.73,931,0.000,0.000,0.000,0.000,0.00,0.00,0.00,0
4500,parallel,18,257925,207548,17,0,18,257925,207549,17,0,46.68,923,0.000,0.000,0.000,0.000,0.00,0.00,0.00,0
4500,parallel,18,257926,207548,17,0,18,257926,207549,17,0,46.66,917,0.000,0.000,0.000,0.000,0.00,0.00,0.00,0
4500,parallel,18,257927,207548,17,0,18,257927,207549,17,0,46.66,914,0.000,0.000,0.000,0.000,0.00,0.00,0.00,0
4500,parallel,18,257928,207548,17,0,18,257928,207549,17,0,46.68,913,0.000,0.000,0.000,0.000,0.00,0.00,0.00,0
4500,parallel,18,257929,207548,17,0,18,257929,207549,17,0,46.72,914,0.000,0.000,0.000,0.000,0.00,0.00,0.00,0
4500,meridian,8,254,201,8,1,8,255,201,8,1,78231.86,176629,0.014,0.008,0.001,0.000,0.00,0.00,0.00,0
4500,meridian,16,64480,51886,16,1,17,128962,103772,17,1,152.86,1051,0.653,0.186,0.002,0.000,0.00,0.00,0.00,0
4500,meridian,16,64480,51886,16,1,17,128962,103773,17,1,152.83,986,0.485,0.209,0.002,0.000,0.00,0.00,0.00,0
4500,meridian,17,128961,103774,17,1,18,257924,207548,17,0,76.48,947,0.001,0.000,0.000,0.000,0.00,0.00,0.00,0
4500,meridian,17,128961,103774,17,1,18,257924,207549,17,0,76.53,930,0.000,0.000,0.000,0.000,0.01,0.00,0.00,0
4500,meridian,17,128961,103775,17,1,18,257924,207550,17,0,76.44,920,0.000,0.000,0.000,0.000,0.00,0.00,0.00,0
4500,meridian,17,128961,103775,17,1,18,257924,207551,17,0,76.41,914,0.000,0.000,0.000,0.000,0.00,0.00,0.00,0
4500,meridian,17,128961,103776,17,1,18,257924,207552,17,0,76.41,915,0.000,0.000,0.000,0.000,0.00,0.00,0.00,0
4500,meridian,17,128961,103776,17,1,18,257924,207553,17,0,76.42,923,0.000,0.000,0.000,0.000,0.00,0.00,0.00,0
4500,meridian,17,128961,103777,17,1,17,128962,103777,17,1,152.89,944,0.000,0.000,0.000,0.000,0.00,0.00,0.00,0
4500,meridian,16,64480,51889,16,1,16,64481,51889,16,1,305.67,1025,0.000,0.000,0.000,0.000,0.00,0.00,0.00,0
4500,meridian,11,2017,1619,11,1,10,1009,809,10,1,9780.89,26314,51.217,10.518,0.138,0.000,0.00,0.00,0.00,0
4500,meridian,11,2017,1620,11,1,11,2018,1620,11,1,9780.53,20124,0.022,0.008,0.000,0.000,0.00,0.00,0.00,0
4500,meridian,11,2017,1621,11,1,11,2018,1621,11,1,9780.64,17578,0.013,0.006,0.000,0.000,0.00,0.00,0.00,0
4500,meridian,11,2017,1622,11,1,11,2018,1622,11,1,9782.33,20113,0.006,0.003,0.000,0.000,0.00,0.00,0.00,0
4500,meridian,11,2017,1623,11,1,11,2018,1623,11,1,9780.69,26295,0.003,0.002,0.000,0.000,0.00,0.00,0.00,0
4500,meridian,16,64478,51886,16,1,16,64479,51886,16,1,305.66,1146,0.000,0.000,0.000,0.000,0.00,0.00,0.00,0
4500,meridian,16,64478,51887,16,1,16,64479,51887,16,1,305.68,1066,0.000,0.000,0.000,0.000,0.00,0.00,0.00,0
4500,meridian,16,64478,51888,16,1,16,64479,51888,16,1,305.65,1068,0.000,0.000,0.000,0.000,0.00,0.00,0.00,0
4500,meridian,16,64478,51889,16,1,16,64479,51889,16,1,305.67,1154,0.000,0.000,0.000,0.000,0.00,0.00,0.00,0
4500,meridian,9,506,404,9,1,9,507,404,9,1,39119.91,84720,0.011,0.007,0.001,0.000,0.00,0.00,0.00,0
4500,meridian,9,506,405,9,1,9,507,405,9,1,39122.04,77352,0.001,0.001,0.000,0.000,0.00,0.00,0.00,0
4500,parallel,8,254,203,8,1,7,127,102,7,1,46726.97,160855,124.139,62.075,229.895,0.000,0.00,0.00,0.00,0
4500,parallel,7,128,101,7,1,7,128,102,7,1,93453.01,262693,0.005,0.004,0.003,0.000,0.00,0.00,0.00,0
4500,parallel,7,129,101,7,1,7,129,102,7,1,93452.89,351487,0.005,0.003,0.004,0.000,0.00,0.00,0.00,0
4500,parallel,6,65,50,6,1,6,65,51,6,1,186891.65,488627,0.010,0.008,0.008,0.000,0.00,0.00,0.00,0
4500,meridian,13,8061,6484,13,1,13,8062,6484,13,1,2445.20,4592,0.008,0.002,0.000,0.000,0.00,0.00,0.00,0
4500,meridian,14,16123,12970,14,1,13,8062,6485,13,1,1222.90,3318,6.459,1.723,0.021,0.000,0.00,0.00,0.00,0
4500,meridian,14,16123,12971,14,1,13,8062,6485,13,1,1222.85,2831,5.314,0.665,0.017,0.000,0.00,0.00,0.00,0
4500,meridian,14,16123,12972,14,1,13,8062,6486,13,1,1224.30,2824,5.973,1.224,0.019,0.000,0.00,0.00,0.00,0
4500,meridian,14,16123,12973,14,1,13,8062,6486,13,1,1225.55,3300,5.368,1.430,0.017,0.000,0.00,0.00,0.00,0
4500,meridian,13,8061,6487,13,1,13,8062,6487,13,1,2445.54,4578,0.009,0.003,0.000,0.000,0.00,0.00,0.00,0
4500,parallel,2,4,1,2,1,3,8,4,3,1,2488709.45,5697389,7882.911,2463.447,97.581,0.000,0.00,0.00,0.00,0
4500,parallel,2,4,1,2,1,3,9,4,3,1,2488697.67,6372184,9900.088,3887.479,132.919,0.000,0.00,0.00,0.00,0
4500,parallel,2,5,1,2,1,3,10,4,3,1,2488600.44,7395496,7684.472,2459.002,94.477,0.000,0.00,0.00,0.00,0
4500,parallel,2,5,1,2,1,3,11,4,3,1,2488596.77,8519601,7682.235,3614.371,94.787,0.000,0.00,0.00,0.00,0
4500,parallel,1,3,0,1,1,2,6,2,2,1,4881614.82,9742209,7.730,3.800,0.367,0.000,0.00,0.00,0.00,0
4500,parallel,1,3,0,1,1,2,7,2,2,1,4881647.70,10882998,7.592,0.818,0.392,0.000,0.00,0.00,0.00,0
4500,parallel,6,65,48,6,1,6,65,49,6,1,210631.15,727594,0.085,0.039,0.004,0.000,0.00,0.00,0.00,0
4500,parallel,4,17,10,4,1,4,17,11,4,1,1040694.29,2580517,0.134,0.063,0.037,0.000,0.00,0.00,0.00,0
4500,parallel,4,18,10,4,1,4,18,11,4,1,1040692.70,3180410,0.065,0.033,0.043,0.000,0.00,0.00,0.00,0
4500,parallel,4,19,10,4,1,4,19,11,4,1,1040694.37,3863260,0.121,0.081,0.032,0.000,0.00,0.00,0.00,0
4500,meridian,8,255,200,8,1,7,128,100,7,1,78222.45,263158,0.030,0.013,0.003,0.000,0.00,0.00,0.00,0
4500,meridian,8,255,201,8,1,7,128,100,7,1,78232.25,219071,0.014,0.007,0.002,0.000,0.00,0.00,0.00,0
4500,meridian,7,127,102,7,1,7,128,102,7,1,156523.68,264474,0.020,0.017,0.004,0.000,0.00,0.00,0.00,0
4500,meridian,18,257928,207548,17,0,18,257929,207548,17,0,76.42,923,0.000,0.000,0.000,0.000,0.00,0.00,0.00,0
4500,meridian,18,257928,207549,17,0,18,257929,207549,17,0,76.41,906,0.000,0.000,0.000,0.000,0.00,0.00,0.00,0
4500,meridian,19,515857,415100,17,0,18,257929,207550,17,0,38.22,896,0.000,0.000,0.000,0.000,0.00,0.00,0.00,0
4500,meridian,19,515857,415101,17,0,18,257929,207550,17,0,38.23,890,0.000,0.000,0.000,0.000,0.00,0.00,0.00,0
4500,meridian,19,515857,415102,15,0,18,257929,207551,17,0,38.23,886,0.831,0.313,0.003,0.831,17.98,0.00,0.00,0
4500,meridian,19,515857,415103,17,0,18,257929,207551,17,0,38.21,884,0.000,0.000,0.000,0.000,0.00,0.00,0.00,0
4500,meridian,19,515857,415104,15,0,18,257929,207552,17,0,38.21,885,0.479,0.349,0.002,0.479,13.32,0.00,0.00,0
4500,meridian,19,515857,415105,15,0,18,257929,207552,17,0,38.21,887,0.777,0.599,0.003,0.777,23.90,0.00,0.00,0
4500,meridian,18,257928,207553,15,0,18,257929,207553,15,0,76.43,894,0.000,0.000,0.000,0.000,0.00,0.00,0.00,0
4500,meridian,15,32239,25942,15,1,15,32240,25942,15,1,611.32,1322,0.001,0.000,0.000,0.000,0.00,0.00,0.00,0
4500,meridian,16,64479,51886,16,1,16,64480,51886,16,1,305.65,1067,0.000,0.000,0.000,0.000,0.00,0.00,0.00,0
4500,meridian,16,64479,51887,16,1,17,128960,103774,17,1,152.83,995,0.633,0.218,0.002,0.000,0.00,0.00,0.00,0
4500,meridian,16,64479,51887,16,1,17,128960,103775,17,1,152.82,974,0.779,0.292,0.003,0.000,0.00,0.00,0.00,0
4500,meridian,16,64479,51888,16,1,17,128960,103776,17,1,152.84,976,0.656,0.362,0.002,0.000,0.00,0.00,0.00,0
4500,meridian,16,64479,51888,16,1,17,128960,103777,17,1,152.85,999,0.535,0.170,0.002,0.000,0.00,0.00,0.00,0
4500,meridian,16,64479,51889,16,1,16,64480,51889,16,1,305.65,1076,0.003,0.001,0.000,0.000,0.00,0.00,0.00,0
4500,meridian,15,32239,25945,15,1,15,32240,25945,15,1,611.32,1341,0.004,0.003,0.000,0.000,0.00,0.00,0.00,0
4500,parallel,19,515852,415100,17,0,19,515852,415101,17,0,23.34,900,0.000,0.000,0.000,0.000,0.00,0.00,0.00,0
4500,parallel,19,515853,415100,17,0,19,515853,415101,17,0,23.35,898,0.000,0.000,0.000,0.000,0.00,0.00,0.00,0
4500,parallel,19,515854,415100,17,0,19,515854,415101,17,0,23.35,896,0.000,0.000,0.000,0.000,0.00,0.00,0.00,0
4500,parallel,19,515855,415100,17,0,19,515855,415101,17,0,23.38,894,0.000,0.000,0.000,0.000,0.00,0.00,0.00,0
4500,parallel,19,515856,415100,17,0,19,515856,415101,17,0,23.38,893,0.000,0.000,0.000,0.000,0.00,0.00,0.00,0
4500,parallel,19,515857,415100,17,0,19,515857,415101,17,0,23.39,893,0.000,0.000,0.000,0.000,0.00,0.00,0.00,0
4500,meridian,13,8062,6484,13,1,13,8063,6484,13,1,2446.08,5590,0.003,0.001,0.000,0.000,0.00,0.00,0.00,0
4500,meridian,13,8062,6485,13,1,13,8063,6485,13,1,2445.42,4397,0.008,0.002,0.000,0.000,0.00,0.00,0.00,0
4500,meridian,13,8062,6486,13,1,13,8063,6486,13,1,2454.58,4387,0.008,0.003,0.000,0.000,0.00,0.00,0.00,0
4500,meridian,13,8062,6487,13,1,13,8063,6487,13,1,2446.15,5574,0.011,0.003,0.000,0.000,0.00,0.00,0.00,0
4500,meridian,17,128966,103774,17,1,17,128967,103774,17,1,152.98,942,0.000,0.000,0.000,0.000,0.00,0.00,0.00,0
4500,meridian,17,128966,103775,17,1,17,128967,103775,17,1,152.83,922,0.000,0.000,0.000,0.000,0.00,0.00,0.00,0
4500,meridian,17,128966,103776,17,1,17,128967,103776,17,1,152.82,924,0.000,0.000,0.000,0.000,0.00,0.00,0.00,0
4500,meridian,17,128966,103777,17,1,17,128967,103777,17,1,152.82,951,0.000,0.000,0.000,0.000,0.00,0.00,0.00,0
4500,meridian,7,128,100,7,1,7,129,100,7,1,156449.14,323963,0.012,0.006,0.002,0.000,0.00,0.00,0.00,0
4500,meridian,7,128,101,7,1,7,129,101,7,1,156486.69,292271,0.004,0.003,0.004,0.000,0.00,0.00,0.00,0
4500,meridian,7,128,102,7,1,7,129,102,7,1,156523.46,338856,0.004,0.002,0.002,0.000,0.00,0.00,0.00,0
4500,parallel,6,65,51,6,1,6,65,52,6,1,174328.89,621512,0.001,0.001,0.003,0.000,0.00,0.00,0.00,0
4500,parallel,5,33,25,5,1,5,33,26,5,1,348552.57,844962,0.061,0.042,0.020,0.000,0.00,0.00,0.00,0
4500,parallel,5,34,25,5,1,5,34,26,5,1,348552.23,1172999,0.086,0.033,0.012,0.000,0.00,0.00,0.00,0
4500,parallel,5,35,25,5,1,5,35,26,5,1,348553.66,1513992,0.017,0.011,0.007,0.000,0.00,0.00,0.00,0
4500,parallel,4,18,12,4,1,4,18,13,4,1,696280.12,2029311,0.081,0.049,0.032,0.000,0.00,0.00,0.00,0
4500,parallel,4,19,12,4,1,4,19,13,4,1,696280.09,2708513,0.056,0.028,0.023,0.000,0.00,0.00,0.00,0
4500,parallel,7,129,102,7,1,7,129,103,7,1,90339.46,420127,0.003,0.002,0.002,0.000,0.00,0.00,0.00,0
4500,parallel,12,4031,3241,12,1,13,8062,6484,13,1,1494.63,6007,9.131,2.939,0.025,0.000,0.00,0.00,0.00,0
4500,parallel,12,4031,3241,12,1,13,8063,6484,13,1,1493.34,6964,3.374,1.688,0.023,0.000,0.00,0.00,0.00,0
4500,parallel,11,2016,1620,11,1,12,4032,3242,12,1,2987.99,8676,7.744,0.619,0.032,0.000,0.00,0.00,0.00,0
4500,parallel,11,2016,1620,11,1,12,4033,3242,12,1,2987.99,11255,16.586,4.496,0.098,0.000,0.00,0.00,0.00,0
4500,parallel,11,2017,1620,11,1,11,2017,1621,11,1,5973.68,15401,0.006,0.002,0.000,0.000,0.00,0.00,0.00,0
4500,parallel,11,2018,1620,11,1,11,2018,1621,11,1,5972.99,21139,0.010,0.003,0.000,0.000,0.00,0.00,0.00,0
4500,parallel,11,2019,1620,11,1,11,2019,1621,11,1,5973.12,26981,0.005,0.003,0.000,0.000,0.00,0.00,0.00,0
4500,meridian,19,515854,415100,17,0,19,515855,415100,17,0,38.21,898,0.000,0.000,0.000,0.000,0.00,0.00,0.00,0
4500,meridian,19,515854,415101,17,0,19,515855,415101,17,0,38.22,893,0.000,0.000,0.000,0.000,0.00,0.00,0.00,0
4500,meridian,19,515854,415102,17,0,19,515855,415102,15,0,38.23,889,0.940,0.833,0.003,0.940,31.16,0.00,0.00,0
4500,meridian,19,515854,415103,17,0,19,515855,415103,15,0,38.24,887,0.690,0.389,0.002,0.690,14.44,0.00,0.00,0
4500,meridian,19,515854,415104,17,0,19,515855,415104,15,0,38.21,887,0.309,0.211,0.001,0.309,7.53,0.00,0.00,0
4500,meridian,19,515854,415105,17,0,19,515855,415105,15,0,38.21,889,1.461,1.187,0.005,1.461,34.91,0.00,0.00,0
4500,meridian,12,4032,3242,12,1,12,4033,3242,12,1,4890.60,8990,0.011,0.003,0.000,0.000,0.00,0.00,0.00,0
4500,meridian,12,4032,3243,12,1,12,4033,3243,12,1,4891.78,8991,0.008,0.003,0.000,0.000,0.00,0.00,0.00,0
4500,meridian,12,4032,3244,12,1,12,4033,3244,12,1,4893.27,11349,0.012,0.006,0.000,0.000,0.00,0.00,0.00,0
4500,parallel,17,128960,103774,17,1,17,128960,103775,17,1,93.26,966,0.000,0.000,0.000,0.000,0.00,0.00,0.00,0
4500,parallel,17,128961,103774,17,1,17,128961,103775,17,1,93.36,937,0.000,0.000,0.000,0.000,0.00,0.00,0.00,0
4500,parallel,18,257924,207549,17,0,18,257924,207550,17,0,46.91,920,0.000,0.000,0.000,0.000,0.00,0.00,0.00,0
4500,parallel,18,257925,207549,17,0,18,257925,207550,17,0,46.71,910,0.000,0.000,0.000,0.000,0.01,0.00,0.00,0
4500,parallel,18,257926,207549,17,0,19,515852,415100,17,0,23.34,905,0.000,0.000,0.000,0.000,0.00,0.00,0.00,0
4500,parallel,18,257926,207549,17,0,19,515853,415100,17,0,23.34,903,0.000,0.000,0.000,0.000,0.00,0.00,0.00,0
4500,parallel,18,257927,207549,17,0,19,515854,415100,17,0,23.34,901,0.000,0.000,0.000,0.000,0.00,0.00,0.00,0
4500,parallel,18,257927,207549,17,0,19,515855,415100,17,0,23.35,900,0.000,0.000,0.000,0.000,0.00,0.00,0.00,0
4500,parallel,18,257928,207549,17,0,19,515856,415100,17,0,23.35,899,0.000,0.000,0.000,0.000,0.00,0.00,0.00,0
4500,parallel,18,257928,207549,17,0,19,515857,415100,17,0,23.39,899,0.000,0.000,0.000,0.000,0.00,0.00,0.00,0
4500,parallel,18,257929,207549,17,0,18,257929,207550,17,0,46.78,899,0.000,0.000,0.000,0.000,0.00,0.00,0.00,0
4500,parallel,17,128965,103774,17,1,18,257930,207550,17,0,46.78,902,0.000,0.000,0.000,0.000,0.00,0.00,0.00,0
4500,parallel,17,128965,103774,17,1,18,257931,207550,17,0,46.72,907,0.000,0.000,0.000,0.000,0.00,0.00,0.00,0
4500,parallel,17,128966,103774,17,1,17,128966,103775,17,1,93.48,919,0.000,0.000,0.000,0.000,0.00,0.00,0.00,0
4500,parallel,17,128967,103774,17,1,17,128967,103775,17,1,93.92,942,0.000,0.000,0.000,0.000,0.00,0.00,0.00,0
4500,parallel,3,8,4,3,1,4,17,10,4,1,1155839.59,3664418,6486.905,1179.629,2705.460,0.000,0.00,0.00,0.00,0
4500,parallel,3,9,4,3,1,4,18,10,4,1,1155801.12,4155203,6458.474,861.607,2705.307,0.000,0.00,0.00,0.00,0
4500,parallel,3,9,4,3,1,4,19,10,4,1,1155828.52,4754800,6793.948,2185.966,3160.542,0.000,0.00,0.00,0.00,0
4500,parallel,3,10,4,3,1,3,10,5,3,1,2300457.27,5685533,0.493,0.217,0.084,0.000,0.00,0.00,0.00,0
4500,parallel,3,11,4,3,1,3,11,5,3,1,2300298.73,6990013,6790.625,3108.295,2705.273,0.000,0.00,0.00,0.00,0
4500,meridian,6,65,48,6,1,5,33,24,5,1,312630.51,916134,1091.809,200.930,4.465,0.000,0.00,0.00,0.00,0
4500,meridian,6,65,49,6,1,5,33,24,5,1,312771.59,701938,0.204,0.118,0.010,0.000,0.00,0.00,0.00,0
4500,meridian,6,65,50,6,1,5,33,25,5,1,312915.24,583501,0.118,0.058,0.016,0.000,0.00,0.00,0.00,0
4500,meridian,6,65,51,6,1,5,33,25,5,1,313059.72,619030,0.121,0.038,0.008,0.000,0.00,0.00,0.00,0
4500,meridian,6,65,52,6,1,5,33,26,5,1,313202.95,788072,0.168,0.071,0.009,0.000,0.00,0.00,0.00,0
4500,parallel,5,33,23,5,1,5,33,24,5,1,443361.95,1172701,0.130,0.051,0.013,0.000,0.00,0.00,0.00,0
4500,parallel,4,17,11,4,1,5,34,24,5,1,443357.75,1489052,0.395,0.116,0.253,0.000,0.00,0.00,0.00,0
4500,parallel,4,17,11,4,1,5,35,24,5,1,443382.83,1839266,0.460,0.234,0.230,0.000,0.00,0.00,0.00,0
4500,parallel,4,18,11,4,1,4,18,12,4,1,885664.71,2381964,1.043,0.222,0.030,0.000,0.00,0.00,0.00,0
4500,parallel,4,19,11,4,1,4,19,12,4,1,885613.60,3125146,0.132,0.069,0.028,0.000,0.00,0.00,0.00,0
4500,parallel,3,10,5,3,1,3,10,6,3,1,1762694.64,4170174,0.180,0.102,0.043,0.000,0.00,0.00,0.00,0
4500,parallel,3,11,5,3,1,3,11,6,3,1,1762819.32,5483128,0.429,0.174,0.048,0.000,0.00,0.00,0.00,0
4500,parallel,2,6,2,2,1,3,12,6,3,1,1762944.16,6595657,2.145,1.013,1.913,0.000,0.00,0.00,0.00,0
4500,parallel,2,6,2,2,1,3,13,6,3,1,1762885.25,7460171,2.023,0.416,1.908,0.000,0.00,0.00,0.00,0
4500,meridian,17,128965,103772,17,1,16,64483,51886,16,1,152.95,1035,0.002,0.001,0.000,0.000,0.00,0.00,0.00,0
4500,meridian,17,128965,103773,17,1,16,64483,51886,16,1,152.84,969,0.002,0.001,0.000,0.000,0.00,0.00,0.00,0
4500,meridian,17,128965,103774,17,1,17,128966,103774,17,1,152.87,923,0.002,0.001,0.000,0.000,0.00,0.00,0.00,0
4500,meridian,18,257931,207550,17,0,17,128966,103775,17,1,76.41,906,0.000,0.000,0.000,0.000,0.00,0.00,0.00,0
4500,meridian,18,257931,207551,17,0,17,128966,103775,17,1,76.41,900,0.000,0.000,0.000,0.000,0.01,0.00,0.00,0
4500,meridian,17,128965,103776,17,1,17,128966,103776,17,1,152.84,903,0.000,0.000,0.000,0.000,0.00,0.00,0.00,0
4500,meridian,17,128965,103777,17,1,17,128966,103777,17,1,152.82,931,0.000,0.000,0.000,0.000,0.00,0.00,0.00,0
4500,meridian,16,64482,51889,16,1,16,64483,51889,16,1,305.65,1014,0.001,0.000,0.000,0.000,0.00,0.00,0.00,0
4500,meridian,14,16122,12970,14,1,14,16123,12970,14,1,1226.66,2749,0.003,0.001,0.000,0.000,0.00,0.00,0.00,0
4500,meridian,15,32245,25942,15,1,14,16123,12971,14,1,617.87,2218,1.723,0.175,0.005,0.000,0.00,0.00,0.00,0
4500,meridian,15,32245,25943,15,1,14,16123,12971,14,1,614.48,2042,1.749,0.271,0.006,0.000,0.00,0.00,0.00,0
4500,meridian,15,32245,25944,15,1,14,16123,12972,14,1,611.36,2056,2.397,0.481,0.008,0.000,0.00,0.00,0.00,0
4500,meridian,15,32245,25945,15,1,14,16123,12972,14,1,613.94,2224,0.003,0.002,0.000,0.000,0.00,0.00,0.00,0
4500,meridian,14,16122,12973,14,1,14,16123,12973,14,1,1223.54,2725,0.003,0.002,0.000,0.000,0.00,0.00,0.00,0
4500,meridian,2,5,1,2,1,1,3,0,1,1,4857745.92,9999456,7.528,0.729,0.359,0.000,0.00,0.00,0.00,0
4500,meridian,3,11,4,3,1,2,6,2,2,1,2473178.53,8357325,7638.807,2443.744,109.565,0.000,0.00,0.00,0.00,0
4500,meridian,3,11,5,3,1,2,6,2,2,1,2479944.37,6840726,8040.893,2008.775,114.715,0.000,0.00,0.00,0.00,0
4500,meridian,3,11,6,3,1,3,12,6,3,1,2489379.21,5353126,0.265,0.094,0.030,0.000,0.00,0.00,0.00,0
4500,parallel,11,2018,1623,11,1,10,1009,812,10,1,5936.99,31932,2.306,1.155,3.631,0.000,0.00,0.00,0.00,0
4500,parallel,11,2019,1623,11,1,10,1009,812,10,1,5936.99,36042,2.299,1.149,3.632,0.000,0.00,0.00,0.00,0
4500,parallel,10,1010,811,10,1,9,505,406,9,1,11873.98,43027,38.306,19.153,14.372,0.000,0.00,0.00,0.00,0
4500,parallel,10,1011,811,10,1,9,505,406,9,1,11873.98,53246,38.308,19.154,14.372,0.000,0.00,0.00,0.00,0
4500,parallel,9,506,405,9,1,8,253,203,8,1,23747.96,69588,147.433,61.073,58.052,0.000,0.00,0.00,0.00,0
4500,parallel,9,507,405,9,1,8,253,203,8,1,23748.28,92253,20.990,10.496,58.052,0.000,0.00,0.00,0.00,0
4500,parallel,18,257924,207552,17,0,18,257924,207553,17,0,46.76,912,0.000,0.000,0.000,0.000,0.00,0.00,0.00,0
4500,parallel,18,257925,207552,17,0,18,257925,207553,17,0,46.81,902,0.000,0.000,0.000,0.000,0.00,0.00,0.00,0
4500,parallel,19,515852,415105,15,0,18,257926,207553,15,0,23.46,898,0.000,0.000,0.000,0.000,0.00,0.00,0.00,0
4500,parallel,19,515853,415105,15,0,18,257926,207553,15,0,23.46,894,0.000,0.000,0.000,0.000,0.00,0.00,0.00,0
4500,parallel,19,515854,415105,17,0,18,257927,207553,17,0,23.35,892,0.000,0.000,0.000,0.000,0.00,0.00,0.00,0
4500,parallel,19,515855,415105,15,0,18,257927,207553,17,0,23.40,891,1.437,0.859,0.005,1.437,18.56,0.00,0.00,0
4500,parallel,19,515856,415105,15,0,18,257928,207553,15,0,23.35,889,0.000,0.000,0.000,0.000,0.00,0.00,0.00,0
4500,parallel,19,515857,415105,15,0,18,257928,207553,15,0,23.44,889,0.000,0.000,0.000,0.000,0.00,0.00,0.00,0
4500,parallel,18,257929,207552,17,0,18,257929,207553,15,0,46.68,890,1.042,0.908,0.003,1.042,42.24,0.00,0.00,0
4500,meridian,17,128962,103772,17,1,17,128963,103772,17,1,152.85,1036,0.000,0.000,0.000,0.000,0.00,0.00,0.00,0
4500,meridian,17,128962,103773,17,1,17,128963,103773,17,1,152.86,968,0.000,0.000,0.000,0.000,0.00,0.00,0.00,0
4500,meridian,18,257925,207548,17,0,18,257926,207548,17,0,76.41,929,0.000,0.000,0.000,0.000,0.01,0.00,0.00,0
4500,meridian,18,257925,207549,17,0,18,257926,207549,17,0,76.43,912,0.000,0.000,0.000,0.000,0.01,0.00,0.00,0
4500,meridian,18,257925,207550,17,0,19,515852,415100,17,0,38.21,904,0.000,0.000,0.000,0.000,0.00,0.00,0.00,0
4500,meridian,18,257925,207550,17,0,19,515852,415101,17,0,38.21,900,0.000,0.000,0.000,0.000,0.01,0.00,0.00,0
4500,meridian,18,257925,207551,17,0,19,515852,415102,17,0,38.22,896,0.000,0.000,0.000,0.000,0.01,0.00,0.00,0
4500,meridian,18,257925,207551,17,0,19,515852,415103,17,0,38.22,894,0.000,0.000,0.000,0.000,0.01,0.00,0.00,0
4500,meridian,18,257925,207552,17,0,19,515852,415104,15,0,38.21,895,1.246,0.850,0.004,1.246,37.13,0.00,0.00,0
4500,meridian,18,257925,207552,17,0,19,515852,415105,15,0,38.21,898,2.158,1.723,0.007,2.158,60.72,0.00,0.00,0
4500,meridian,18,257925,207553,17,0,18,257926,207553,15,0,76.42,904,2.180,1.213,0.007,2.180,124.52,0.00,0.00,0
4500,meridian,17,128962,103777,17,1,17,128963,103777,17,1,152.82,925,0.000,0.000,0.000,0.000,0.00,0.00,0.00,0
4500,meridian,17,128964,103772,17,1,17,128965,103772,17,1,152.85,1026,0.000,0.000,0.000,0.000,0.00,0.00,0.00,0
4500,meridian,17,128964,103773,17,1,17,128965,103773,17,1,152.84,961,0.000,0.000,0.000,0.000,0.00,0.00,0.00,0
4500,meridian,18,257929,207548,17,0,17,128965,103774,17,1,76.42,925,0.000,0.000,0.000,0.000,0.01,0.00,0.00,0
4500,meridian,18,257929,207549,17,0,17,128965,103774,17,1,76.42,907,0.000,0.000,0.000,0.000,0.00,0.00,0.00,0
4500,meridian,18,257929,207550,17,0,18,257930,207550,17,0,76.44,894,0.000,0.000,0.000,0.000,0.00,0.00,0.00,0
4500,meridian,18,257929,207551,17,0,18,257930,207551,17,0,76.41,888,0.000,0.000,0.000,0.000,0.02,0.00,0.00,0
4500,meridian,18,257929,207552,17,0,17,128965,103776,17,1,76.41,889,0.000,0.000,0.000,0.000,0.00,0.00,0.00,0
4500,meridian,18,257929,207553,15,0,17,128965,103776,17,1,76.42,896,1.122,0.960,0.004,1.122,72.02,0.00,0.00,0
4500,meridian,17,128964,103777,17,1,17,128965,103777,17,1,152.83,921,0.000,0.000,0.000,0.000,0.00,0.00,0.00,0
4500,parallel,15,32239,25942,15,1,16,64478,51886,16,1,186.61,1258,1.642,0.352,0.008,0.000,0.00,0.00,0.00,0
4500,parallel,15,32239,25942,15,1,16,64479,51886,16,1,186.58,1172,1.643,0.821,0.008,0.000,0.00,0.00,0.00,0
4500,parallel,15,32240,25942,15,1,16,64480,51886,16,1,186.61,1110,1.246,0.267,0.004,0.000,0.00,0.00,0.00,0
4500,parallel,15,32240,25942,15,1,17,128962,103772,17,1,93.47,1082,1.404,0.477,0.004,0.000,0.00,0.00,0.00,0
4500,parallel,15,32240,25942,15,1,17,128963,103772,17,1,93.70,1070,0.327,0.145,0.001,0.000,0.00,0.00,0.00,0
4500,parallel,15,32241,25942,15,1,17,128964,103772,17,1,93.57,1065,0.269,0.095,0.001,0.000,0.00,0.00,0.00,0
4500,parallel,15,32241,25942,15,1,17,128965,103772,17,1,93.73,1068,1.169,0.254,0.004,0.000,0.00,0.00,0.00,0
4500,parallel,15,32241,25942,15,1,16,64483,51886,16,1,191.69,1078,0.497,0.074,0.002,0.000,0.00,0.00,0.00,0
4500,parallel,15,32242,25942,15,1,16,64484,51886,16,1,201.75,1101,1.310,0.240,0.004,0.000,0.00,0.00,0.00,0
4500,parallel,15,32242,25942,15,1,16,64485,51886,16,1,192.90,1156,1.242,0.467,0.005,0.000,0.00,0.00,0.00,0
4500,parallel,15,32243,25942,15,1,15,32243,25943,14,0,374.11,1319,2.811,1.163,0.009,1.747,86.48,60.91,21.98,1
4500,parallel,15,32244,25942,15,1,15,32244,25943,14,0,373.04,1603,2.802,1.270,0.009,2.235,340.32,113.31,0.69,1
4500,parallel,15,32245,25942,15,1,15,32245,25943,15,1,373.54,1926,0.009,0.003,0.000,0.000,0.00,0.00,0.00,0
4500,parallel,14,16118,12971,14,1,15,32237,25944,15,1,372.97,1575,2.599,0.578,0.007,0.000,0.00,0.00,0.00,0
4500,parallel,15,32238,25943,15,1,15,32238,25944,15,1,373.11,1288,0.000,0.000,0.000,0.000,0.00,0.00,0.00,0
4500,parallel,16,64478,51887,16,1,16,64478,51888,16,1,186.47,1105,0.000,0.000,0.000,0.000,0.00,0.00,0.00,0
4500,parallel,16,64479,51887,16,1,16,64479,51888,16,1,186.48,1010,0.000,0.000,0.000,0.000,0.00,0.00,0.00,0
4500,parallel,17,128960,103775,17,1,17,128960,103776,17,1,93.39,954,0.000,0.000,0.000,0.000,0.00,0.00,0.00,0
4500,parallel,17,128961,103775,17,1,17,128961,103776,17,1,93.32,925,0.000,0.000,0.000,0.000,0.00,0.00,0.00,0
4500,parallel,18,257924,207551,17,0,18,257924,207552,17,0,46.84,907,0.000,0.000,0.000,0.000,0.00,0.00,0.00,0
4500,parallel,18,257925,207551,17,0,18,257925,207552,17,0,46.75,898,0.000,0.000,0.000,0.000,0.01,0.00,0.00,0
4500,parallel,19,515852,415103,17,0,19,515852,415104,15,0,23.39,892,0.344,0.300,0.001,0.344,7.02,0.00,0.00,0
4500,parallel,19,515853,415103,17,0,19,515853,415104,15,0,23.39,889,0.257,0.213,0.001,0.257,4.99,0.00,0.00,0
4500,parallel,19,515854,415103,17,0,19,515854,415104,17,0,23.38,887,0.004,0.003,0.000,0.004,0.07,0.00,0.00,0
4500,parallel,19,515855,415103,15,0,19,515855,415104,15,0,23.39,885,0.004,0.004,0.000,0.004,0.09,0.00,0.00,0
4500,parallel,19,515856,415103,15,0,19,515856,415104,15,0,23.35,884,0.005,0.005,0.000,0.005,0.11,0.00,0.00,0
4500,parallel,19,515857,415103,17,0,19,515857,415104,15,0,23.34,884,0.225,0.148,0.001,0.225,3.46,0.00,0.00,0
4500,parallel,18,257929,207551,17,0,18,257929,207552,17,0,46.67,886,0.008,0.007,0.000,0.008,0.33,0.00,0.00,0
4500,parallel,18,257930,207551,17,0,17,128965,103776,17,1,46.67,890,0.009,0.008,0.000,0.000,0.00,0.00,0.00,0
4500,parallel,18,257931,207551,17,0,17,128965,103776,17,1,46.69,896,0.011,0.010,0.000,0.000,0.00,0.00,0.00,0
4500,parallel,17,128966,103775,17,1,17,128966,103776,17,1,93.50,909,0.011,0.008,0.000,0.000,0.00,0.00,0.00,0
4500,parallel,17,128967,103775,17,1,17,128967,103776,17,1,93.33,934,0.006,0.005,0.000,0.000,0.00,0.00,0.00,0
4500,parallel,16,64484,51887,16,1,16,64484,51888,16,1,189.87,978,0.009,0.003,0.000,0.000,0.00,0.00,0.00,0
4500,parallel,16,64485,51887,16,1,16,64485,51888,16,1,195.50,1048,0.009,0.004,0.000,0.000,0.00,0.00,0.00,0
4500,parallel,15,32243,25943,14,0,15,32243,25944,14,0,382.44,1203,0.033,0.007,0.000,0.033,3.07,0.05,0.05,1
4500,parallel,15,32244,25943,14,0,15,32244,25944,14,0,372.95,1497,0.005,0.004,0.000,0.005,1.39,0.01,0.01,1
4500,parallel,15,32245,25943,15,1,15,32245,25944,15,1,377.99,1848,0.005,0.002,0.000,0.000,0.00,0.00,0.00,0
4500,parallel,14,16123,12971,14,1,14,16123,12972,14,1,750.27,2396,0.007,0.003,0.000,0.000,0.00,0.00,0.00,0
4500,parallel,13,8062,6485,13,1,13,8062,6486,13,1,1495.05,3495,0.008,0.002,0.000,0.000,0.00,0.00,0.00,0
4500,parallel,13,8063,6485,13,1,13,8063,6486,13,1,1493.08,4956,0.007,0.002,0.000,0.000,0.00,0.00,0.00,0
4500,parallel,12,4032,3242,12,1,12,4032,3243,12,1,2984.49,7170,0.005,0.003,0.000,0.000,0.00,0.00,0.00,0
4500,parallel,12,4033,3242,12,1,12,4033,3243,12,1,2983.47,10141,0.007,0.005,0.000,0.000,0.00,0.00,0.00,0
4500,parallel,19,515852,415102,17,0,19,515852,415103,17,0,23.34,894,0.000,0.000,0.000,0.000,0.00,0.00,0.00,0
4500,parallel,19,515853,415102,17,0,19,515853,415103,17,0,23.38,891,0.000,0.000,0.000,0.000,0.00,0.00,0.00,0
4500,parallel,19,515854,415102,17,0,19,515854,415103,17,0,23.39,889,0.000,0.000,0.000,0.000,0.00,0.00,0.00,0
4500,parallel,19,515855,415102,15,0,19,515855,415103,15,0,23.38,886,0.000,0.000,0.000,0.000,0.00,0.00,0.00,0
4500,parallel,19,515856,415102,15,0,19,515856,415103,15,0,23.39,885,0.000,0.000,0.000,0.000,0.00,0.00,0.00,0
4500,parallel,19,515857,415102,15,0,19,515857,415103,17,0,23.38,885,0.408,0.241,0.001,0.408,6.00,0.00,0.00,0
4500,parallel,18,257924,207550,17,0,18,257924,207551,17,0,46.73,910,0.000,0.000,0.000,0.000,0.00,0.00,0.00,0
4500,parallel,18,257925,207550,17,0,18,257925,207551,17,0,46.73,901,0.000,0.000,0.000,0.000,0.00,0.00,0.00,0
4500,parallel,19,515852,415101,17,0,19,515852,415102,17,0,23.33,896,0.000,0.000,0.000,0.000,0.00,0.00,0.00,0
4500,parallel,19,515853,415101,17,0,19,515853,415102,17,0,23.34,894,0.000,0.000,0.000,0.000,0.00,0.00,0.00,0
4500,parallel,19,515854,415101,17,0,19,515854,415102,17,0,23.41,892,0.000,0.000,0.000,0.000,0.00,0.00,0.00,0
4500,parallel,19,515855,415101,17,0,19,515855,415102,15,0,23.41,890,0.940,0.732,0.003,0.940,17.14,0.00,0.00,0
4500,parallel,19,515856,415101,17,0,19,515856,415102,15,0,23.38,889,0.676,0.566,0.002,0.676,13.85,0.00,0.00,0
4500,parallel,19,515857,415101,17,0,19,515857,415102,15,0,23.38,888,0.839,0.788,0.003,0.839,17.76,0.00,0.00,0
4500,parallel,18,257929,207550,17,0,18,257929,207551,17,0,46.75,888,0.000,0.000,0.000,0.000,0.00,0.00,0.00,0
4500,parallel,18,257930,207550,17,0,18,257930,207551,17,0,46.68,892,0.000,0.000,0.000,0.000,0.00,0.00,0.00,0
4500,parallel,18,257931,207550,17,0,18,257931,207551,17,0,46.69,898,0.000,0.000,0.000,0.000,0.00,0.00,0.00,0
4500,meridian,11,2016,1620,11,1,11,2017,1620,11,1,9780.42,15196,0.008,0.002,0.000,0.000,0.00,0.00,0.00,0
4500,meridian,12,4033,3242,12,1,11,2017,1621,11,1,4890.33,11883,23.265,2.695,0.074,0.000,0.00,0.00,0.00,0
4500,meridian,12,4033,3243,12,1,11,2017,1621,11,1,4890.65,11880,17.124,7.559,0.045,0.000,0.00,0.00,0.00,0
4500,meridian,12,4033,3244,12,1,11,2017,1622,11,1,4891.08,13749,13.711,1.199,0.049,0.000,0.00,0.00,0.00,0
4500,meridian,12,4033,3245,12,1,11,2017,1622,11,1,4890.54,16877,25.833,8.554,0.080,0.000,0.00,0.00,0.00,0
4500,meridian,15,32242,25942,15,1,15,32243,25942,15,1,611.60,1371,0.007,0.003,0.000,0.000,0.00,0.00,0.00,0
4500,meridian,16,64485,51886,16,1,15,32243,25943,14,0,306.90,1139,1.729,0.216,0.006,1.357,97.96,115.75,115.75,1
4500,meridian,16,64485,51887,16,1,15,32243,25943,14,0,308.89,1083,1.889,0.297,0.006,0.123,2.19,2.49,2.49,1
4500,meridian,16,64485,51888,16,1,15,32243,25944,14,0,307.57,1091,1.946,0.309,0.006,0.948,11.43,13.34,13.34,1
4500,meridian,16,64485,51889,16,1,15,32243,25944,14,0,306.43,1174,0.985,0.299,0.003,0.985,123.99,143.69,143.69,1
4500,meridian,15,32242,25945,15,1,15,32243,25945,14,0,614.36,1444,1.097,0.160,0.004,1.097,167.23,85.97,85.97,1
4500,meridian,19,515852,415100,17,0,19,515853,415100,17,0,38.21,901,0.000,0.000,0.000,0.000,0.00,0.00,0.00,0
4500,meridian,19,515852,415101,17,0,19,515853,415101,17,0,38.21,897,0.000,0.000,0.000,0.000,0.00,0.00,0.00,0
4500,meridian,19,515852,415102,17,0,19,515853,415102,17,0,38.22,894,0.000,0.000,0.000,0.000,0.00,0.00,0.00,0
4500,meridian,19,515852,415103,17,0,19,515853,415103,17,0,38.24,891,0.000,0.000,0.000,0.000,0.00,0.00,0.00,0
4500,meridian,19,515852,415104,15,0,19,515853,415104,15,0,38.21,892,0.000,0.000,0.000,0.000,0.00,0.00,0.00,0
4500,meridian,19,515852,415105,15,0,19,515853,415105,15,0,38.21,894,0.000,0.000,0.000,0.000,0.00,0.00,0.00,0
4500,meridian,2,4,1,2,1,2,5,1,2,1,4857770.50,8332316,0.966,0.236,0.125,0.000,0.00,0.00,0.00,0
4500,meridian,3,9,4,3,1,3,10,4,3,1,2473354.59,5951439,0.831,0.243,0.089,0.000,0.00,0.00,0.00,0
4500,meridian,4,19,10,4,1,3,10,5,3,1,1244846.96,4642822,5.087,1.525,0.054,0.000,0.00,0.00,0.00,0
4500,meridian,4,19,11,4,1,3,10,5,3,1,1247015.74,3835450,201.815,28.529,4.121,0.000,0.00,0.00,0.00,0
4500,meridian,4,19,12,4,1,3,10,6,3,1,1249458.41,3223245,1.109,0.500,0.039,0.000,0.00,0.00,0.00,0
4500,meridian,4,19,13,4,1,3,10,6,3,1,1251714.50,2961724,1.044,0.191,0.028,0.000,0.00,0.00,0.00,0
4500,parallel,16,64478,51888,16,1,16,64478,51889,16,1,186.46,1149,0.000,0.000,0.000,0.000,0.00,0.00,0.00,0
4500,parallel,16,64479,51888,16,1,16,64479,51889,16,1,186.55,1057,0.000,0.000,0.000,0.000,0.00,0.00,0.00,0
4500,parallel,17,128960,103777,17,1,16,64480,51889,16,1,93.25,1003,0.553,0.211,0.002,0.000,0.00,0.00,0.00,0
4500,parallel,17,128961,103777,17,1,16,64480,51889,16,1,93.38,976,0.738,0.393,0.003,0.000,0.00,0.00,0.00,0
4500,parallel,17,128962,103777,17,1,16,64481,51889,16,1,93.46,955,0.076,0.014,0.000,0.000,0.00,0.00,0.00,0
4500,parallel,17,128963,103777,17,1,16,64481,51889,16,1,93.38,943,0.000,0.000,0.000,0.000,0.00,0.00,0.00,0
4500,parallel,17,128964,103777,17,1,16,64482,51889,16,1,93.31,942,0.001,0.000,0.000,0.000,0.00,0.00,0.00,0
4500,parallel,17,128965,103777,17,1,16,64482,51889,16,1,93.56,948,0.001,0.000,0.000,0.000,0.00,0.00,0.00,0
4500,parallel,17,128966,103777,17,1,16,64483,51889,16,1,93.44,962,0.000,0.000,0.000,0.000,0.00,0.00,0.00,0
4500,parallel,17,128967,103777,17,1,16,64483,51889,16,1,93.73,985,0.001,0.000,0.000,0.000,0.00,0.00,0.00,0
4500,parallel,16,64484,51888,16,1,16,64484,51889,16,1,190.12,1024,0.002,0.001,0.000,0.000,0.00,0.00,0.00,0
4500,parallel,16,64485,51888,16,1,16,64485,51889,16,1,205.02,1081,0.007,0.003,0.000,0.000,0.00,0.00,0.00,0
4500,parallel,15,32240,25945,15,1,14,16120,12973,14,1,373.33,1531,3.356,1.059,0.017,0.000,0.00,0.00,0.00,0
4500,parallel,15,32241,25945,15,1,14,16120,12973,14,1,373.38,1526,2.793,1.258,0.021,0.000,0.00,0.00,0.00,0
4500,parallel,15,32242,25945,15,1,14,16121,12973,14,1,374.88,1606,3.282,0.911,0.012,0.000,0.00,0.00,0.00,0
4500,parallel,15,32243,25945,14,0,14,16121,12973,14,1,392.51,1739,0.016,0.009,0.001,0.013,1.14,0.00,0.00,0
4500,parallel,15,32244,25945,14,0,14,16122,12973,14,1,373.80,1942,0.006,0.002,0.005,0.006,0.55,0.00,0.00,0
4500,parallel,15,32245,25945,15,1,14,16122,12973,14,1,373.01,2212,3.186,1.872,0.005,0.000,0.00,0.00,0.00,0
4500,parallel,14,16123,12972,14,1,14,16123,12973,14,1,750.15,2679,0.003,0.001,0.000,0.000,0.00,0.00,0.00,0
4500,meridian,12,4031,3241,12,1,11,2016,1620,11,1,4891.12,9279,19.931,5.789,0.062,0.000,0.00,0.00,0.00,0
4500,meridian,13,8063,6484,13,1,12,4032,3242,12,1,2445.17,6775,9.082,1.126,0.029,0.000,0.00,0.00,0.00,0
4500,meridian,13,8063,6485,13,1,12,4032,3242,12,1,2447.27,5822,12.205,3.156,0.040,0.000,0.00,0.00,0.00,0
4500,meridian,13,8063,6486,13,1,12,4032,3243,12,1,2445.22,5821,9.839,0.572,0.032,0.000,0.00,0.00,0.00,0
4500,meridian,13,8063,6487,13,1,12,4032,3243,12,1,2445.71,6773,12.606,1.729,0.041,0.000,0.00,0.00,0.00,0
4500,meridian,12,4031,3244,12,1,12,4032,3244,12,1,4891.26,9293,0.009,0.004,0.000,0.000,0.00,0.00,0.00,0
4500,meridian,4,18,10,4,1,4,19,10,4,1,1244795.97,3975810,0.028,0.016,0.058,0.000,0.00,0.00,0.00,0
4500,meridian,4,18,11,4,1,4,19,11,4,1,1247019.89,3109654,0.087,0.048,0.011,0.000,0.00,0.00,0.00,0
4500,meridian,4,18,12,4,1,4,19,12,4,1,1249481.59,2499992,1.089,0.230,0.026,0.000,0.00,0.00,0.00,0
4500,meridian,4,18,13,4,1,4,19,13,4,1,1251750.33,2386269,0.099,0.068,0.033,0.000,0.00,0.00,0.00,0
4500,meridian,14,16118,12971,14,1,15,32238,25943,15,1,611.29,1459,1.899,0.494,0.006,0.000,0.00,0.00,0.00,0
4500,meridian,15,32237,25944,15,1,15,32238,25944,15,1,611.42,1461,0.000,0.000,0.000,0.000,0.00,0.00,0.00,0
4500,parallel,13,8062,6487,13,1,12,4031,3244,12,1,1490.31,5994,10.854,3.118,0.049,0.000,0.00,0.00,0.00,0
4500,parallel,13,8063,6487,13,1,12,4031,3244,12,1,1501.33,6954,9.094,1.680,0.030,0.000,0.00,0.00,0.00,0
4500,parallel,12,4032,3243,12,1,12,4032,3244,12,1,2980.53,8678,0.011,0.004,0.000,0.000,0.00,0.00,0.00,0
4500,parallel,12,4033,3243,12,1,12,4033,3244,12,1,2981.36,11254,0.009,0.002,0.000,0.000,0.00,0.00,0.00,0
4500,parallel,11,2017,1621,11,1,11,2017,1622,11,1,5960.99,15395,0.007,0.004,0.000,0.000,0.00,0.00,0.00,0
4500,parallel,11,2018,1621,11,1,11,2018,1622,11,1,5961.65,21129,0.007,0.003,0.000,0.000,0.00,0.00,0.00,0
4500,parallel,11,2019,1621,11,1,11,2019,1622,11,1,5960.99,26963,0.003,0.002,0.000,0.000,0.00,0.00,0.00,0
4500,parallel,10,1010,810,10,1,10,1010,811,10,1,11921.77,35793,0.007,0.003,0.000,0.000,0.00,0.00,0.00,0
4500,parallel,10,1011,810,10,1,10,1011,811,10,1,11921.88,47633,0.008,0.005,0.000,0.000,0.00,0.00,0.00,0
4500,parallel,12,4033,3244,12,1,12,4033,3245,12,1,2977.50,14096,0.008,0.004,0.000,0.000,0.00,0.00,0.00,0
4500,meridian,8,253,201,8,1,8,254,201,8,1,78233.02,137999,0.020,0.011,0.002,0.000,0.00,0.00,0.00,0
4500,meridian,8,253,203,8,1,8,254,203,8,1,78251.07,118882,0.018,0.010,0.001,0.000,0.00,0.00,0.00,0
4500,meridian,3,10,4,3,1,3,11,4,3,1,2473176.65,7170204,0.144,0.044,0.062,0.000,0.00,0.00,0.00,0
4500,meridian,3,10,5,3,1,3,11,5,3,1,2479777.29,5581604,0.415,0.174,0.054,0.000,0.00,0.00,0.00,0
4500,meridian,3,10,6,3,1,3,11,6,3,1,2489129.43,4265197,0.213,0.080,0.048,0.000,0.00,0.00,0.00,0
4500,meridian,6,64,49,6,1,6,65,49,6,1,312763.66,543456,0.022,0.008,0.007,0.000,0.00,0.00,0.00,0
4500,meridian,7,129,100,7,1,6,65,50,6,1,156449.06,414098,471.914,134.846,3.073,0.000,0.00,0.00,0.00,0
4500,meridian,7,129,101,7,1,6,65,50,6,1,156486.38,387160,480.336,192.155,3.097,0.000,0.00,0.00,0.00,0
4500,meridian,7,129,102,7,1,6,65,51,6,1,156523.43,420951,479.469,137.003,3.064,0.000,0.00,0.00,0.00,0
4500,meridian,7,129,103,7,1,6,65,51,6,1,156559.93,503405,480.108,192.059,3.025,0.000,0.00,0.00,0.00,0
4500,parallel,16,64478,51886,16,1,16,64478,51887,16,1,186.62,1149,0.000,0.000,0.000,0.000,0.00,0.00,0.00,0
4500,parallel,16,64479,51886,16,1,16,64479,51887,16,1,186.64,1052,0.000,0.000,0.000,0.000,0.00,0.00,0.00,0
4500,parallel,16,64480,51886,16,1,17,128960,103774,17,1,93.24,998,0.388,0.155,0.001,0.000,0.00,0.00,0.00,0
4500,parallel,16,64480,51886,16,1,17,128961,103774,17,1,93.42,971,0.642,0.179,0.002,0.000,0.00,0.00,0.00,0
4500,parallel,17,128962,103773,17,1,18,257924,207548,17,0,47.11,953,0.000,0.000,0.000,0.000,0.00,0.00,0.00,0
4500,parallel,17,128962,103773,17,1,18,257925,207548,17,0,46.66,943,0.000,0.000,0.000,0.000,0.01,0.00,0.00,0
4500,parallel,17,128963,103773,17,1,18,257926,207548,17,0,46.66,938,0.000,0.000,0.000,0.000,0.01,0.00,0.00,0
4500,parallel,17,128963,103773,17,1,18,257927,207548,17,0,46.71,935,0.000,0.000,0.000,0.000,0.01,0.00,0.00,0
4500,parallel,17,128964,103773,17,1,18,257928,207548,17,0,46.71,933,0.000,0.000,0.000,0.000,0.01,0.00,0.00,0
4500,parallel,17,128964,103773,17,1,18,257929,207548,17,0,46.73,934,0.000,0.000,0.000,0.000,0.02,0.00,0.00,0
4500,parallel,17,128965,103773,17,1,17,128965,103774,17,1,93.84,938,0.001,0.000,0.000,0.000,0.00,0.00,0.00,0
4500,parallel,16,64483,51886,16,1,17,128966,103774,17,1,93.75,949,0.002,0.001,0.000,0.000,0.00,0.00,0.00,0
4500,parallel,16,64483,51886,16,1,17,128967,103774,17,1,93.83,970,0.003,0.002,0.000,0.000,0.00,0.00,0.00,0
4500,parallel,16,64484,51886,16,1,16,64484,51887,16,1,196.16,999,0.008,0.003,0.000,0.000,0.00,0.00,0.00,0
4500,parallel,16,64485,51886,16,1,16,64485,51887,16,1,197.60,1057,0.008,0.003,0.000,0.000,0.00,0.00,0.00,0
4500,parallel,14,16122,12973,14,1,13,8061,6487,13,1,751.02,2971,6.384,1.918,0.010,0.000,0.00,0.00,0.00,0
4500,parallel,14,16123,12973,14,1,13,8061,6487,13,1,746.48,3408,6.386,3.196,0.008,0.000,0.00,0.00,0.00,0
4500,parallel,13,8062,6486,13,1,13,8062,6487,13,1,1491.43,4240,0.006,0.002,0.000,0.000,0.00,0.00,0.00,0
4500,parallel,13,8063,6486,13,1,13,8063,6487,13,1,1500.05,5518,0.007,0.003,0.000,0.000,0.00,0.00,0.00,0
4500,meridian,11,2018,1620,11,1,11,2019,1620,11,1,9780.50,25508,0.008,0.003,0.000,0.000,0.00,0.00,0.00,0
4500,meridian,11,2018,1621,11,1,11,2019,1621,11,1,9780.75,23543,0.011,0.007,0.000,0.000,0.00,0.00,0.00,0
4500,meridian,11,2018,1622,11,1,11,2019,1622,11,1,9780.68,25480,0.008,0.003,0.000,0.000,0.00,0.00,0.00,0
4500,meridian,11,2018,1623,11,1,11,2019,1623,11,1,9780.78,30586,0.019,0.009,0.000,0.000,0.00,0.00,0.00,0
4500,meridian,3,12,6,3,1,3,13,6,3,1,2489379.23,6237778,0.115,0.041,0.045,0.000,0.00,0.00,0.00,0
4500,parallel,14,16120,12970,14,1,15,32240,25942,15,1,373.94,1506,1.926,0.439,0.006,0.000,0.00,0.00,0.00,0
4500,parallel,14,16120,12970,14,1,15,32241,25942,15,1,404.58,1461,2.388,0.369,0.009,0.000,0.00,0.00,0.00,0
4500,parallel,14,16121,12970,14,1,15,32242,25942,15,1,375.22,1512,2.750,0.596,0.008,0.000,0.00,0.00,0.00,0
4500,parallel,14,16121,12970,14,1,15,32243,25942,15,1,373.16,1682,0.003,0.002,0.000,0.000,0.00,0.00,0.00,0
4500,parallel,14,16122,12970,14,1,15,32244,25942,15,1,373.13,1919,2.630,0.740,0.010,0.000,0.00,0.00,0.00,0
4500,parallel,14,16122,12970,14,1,15,32245,25942,15,1,384.75,2211,2.541,0.979,0.008,0.000,0.00,0.00,0.00,0
4500,parallel,14,16123,12970,14,1,14,16123,12971,14,1,750.24,2691,0.008,0.002,0.000,0.000,0.00,0.00,0.00,0
4500,parallel,16,64478,51889,16,1,15,32239,25945,15,1,186.50,1269,1.078,0.504,0.004,0.000,0.00,0.00,0.00,0
4500,parallel,16,64479,51889,16,1,15,32239,25945,15,1,186.50,1184,0.915,0.447,0.001,0.000,0.00,0.00,0.00,0
4500,parallel,16,64480,51889,16,1,15,32240,25945,15,1,186.67,1123,1.101,0.688,0.007,0.000,0.00,0.00,0.00,0
4500,parallel,16,64481,51889,16,1,15,32240,25945,15,1,186.72,1088,0.503,0.153,0.005,0.000,0.00,0.00,0.00,0
4500,parallel,16,64482,51889,16,1,15,32241,25945,15,1,186.82,1084,1.198,0.435,0.002,0.000,0.00,0.00,0.00,0
4500,parallel,16,64483,51889,16,1,15,32241,25945,15,1,186.97,1110,0.864,0.348,0.002,0.000,0.00,0.00,0.00,0
4500,parallel,16,64484,51889,16,1,15,32242,25945,15,1,188.55,1160,0.237,0.096,0.001,0.000,0.00,0.00,0.00,0
4500,parallel,16,64485,51889,16,1,15,32242,25945,15,1,199.98,1218,0.513,0.070,0.002,0.000,0.00,0.00,0.00,0
4500,parallel,15,32243,25944,14,0,15,32243,25945,14,0,378.83,1354,0.000,0.000,0.000,0.000,0.00,0.00,0.00,0
4500,parallel,15,32244,25944,14,0,15,32244,25945,14,0,373.24,1629,0.000,0.000,0.000,0.000,0.00,0.00,0.00,1
4500,parallel,15,32245,25944,15,1,15,32245,25945,15,1,374.19,1954,0.001,0.001,0.000,0.000,0.00,0.00,0.00,0
4500,meridian,16,64484,51886,16,1,16,64485,51886,16,1,308.75,1062,0.007,0.004,0.000,0.000,0.00,0.00,0.00,0
4500,meridian,16,64484,51887,16,1,16,64485,51887,16,1,308.01,1008,0.008,0.003,0.000,0.000,0.00,0.00,0.00,0
4500,meridian,16,64484,51888,16,1,16,64485,51888,16,1,305.75,1024,0.009,0.004,0.000,0.000,0.00,0.00,0.00,0
4500,meridian,16,64484,51889,16,1,16,64485,51889,16,1,305.79,1117,0.003,0.001,0.000,0.000,0.00,0.00,0.00,0
4500,parallel,6,64,49,6,1,7,128,100,7,1,99507.27,326022,0.033,0.017,0.032,0.000,0.00,0.00,0.00,0
4500,parallel,6,64,49,6,1,7,129,100,7,1,99507.40,405412,0.032,0.016,0.031,0.000,0.00,0.00,0.00,0
4500,parallel,6,65,49,6,1,6,65,50,6,1,199002.11,535340,0.004,0.002,0.005,0.000,0.00,0.00,0.00,0
4500,parallel,5,33,24,5,1,5,33,25,5,1,397902.68,810560,0.145,0.088,0.005,0.000,0.00,0.00,0.00,0
4500,parallel,5,34,24,5,1,5,34,25,5,1,397908.64,1188572,0.089,0.048,0.016,0.000,0.00,0.00,0.00,0
4500,parallel,5,35,24,5,1,5,35,25,5,1,397896.42,1567995,0.051,0.025,0.020,0.000,0.00,0.00,0.00,0
4500,parallel,11,2017,1619,11,1,11,2017,1620,11,1,5985.81,20705,0.007,0.004,0.000,0.000,0.00,0.00,0.00,0
4500,parallel,10,1009,809,10,1,11,2018,1620,11,1,5984.81,25273,20.648,2.825,0.266,0.000,0.00,0.00,0.00,0
4500,parallel,10,1009,809,10,1,11,2019,1620,11,1,5985.11,30337,20.640,2.822,0.265,0.000,0.00,0.00,0.00,0
4500,parallel,9,505,404,9,1,10,1010,810,10,1,11969.86,38428,90.174,61.375,14.837,0.000,0.00,0.00,0.00,0
4500,parallel,9,505,404,9,1,10,1011,810,10,1,11969.67,49684,90.176,45.089,14.837,0.000,0.00,0.00,0.00,0
4500,parallel,9,506,404,9,1,9,506,405,9,1,23938.77,67018,0.014,0.008,0.000,0.000,0.00,0.00,0.00,0
4500,parallel,9,507,404,9,1,9,507,405,9,1,23938.72,90493,0.001,0.001,0.001,0.000,0.00,0.00,0.00,0
4500,parallel,19,515852,415104,15,0,19,515852,415105,15,0,23.39,895,0.000,0.000,0.000,0.000,0.00,0.00,0.00,0
4500,parallel,19,515853,415104,15,0,19,515853,415105,15,0,23.39,892,0.000,0.000,0.000,0.000,0.00,0.00,0.00,0
4500,parallel,19,515854,415104,17,0,19,515854,415105,17,0,23.39,889,0.000,0.000,0.000,0.000,0.00,0.00,0.00,0
4500,parallel,19,515855,415104,15,0,19,515855,415105,15,0,23.36,887,0.000,0.000,0.000,0.000,0.00,0.00,0.00,0
4500,parallel,19,515856,415104,15,0,19,515856,415105,15,0,23.39,886,0.000,0.000,0.000,0.000,0.00,0.00,0.00,0
4500,parallel,19,515857,415104,15,0,19,515857,415105,15,0,23.35,885,0.000,0.000,0.000,0.000,0.00,0.00,0.00,0
4500,meridian,5,34,24,5,1,5,35,24,5,1,625221.27,1496313,0.079,0.045,0.017,0.000,0.00,0.00,0.00,0
4500,meridian,5,34,25,5,1,5,35,25,5,1,625799.24,1324717,0.013,0.008,0.018,0.000,0.00,0.00,0.00,0
4500,meridian,5,34,26,5,1,5,35,26,5,1,626366.22,1427004,0.094,0.034,0.009,0.000,0.00,0.00,0.00,0
4500,meridian,18,257930,207550,17,0,18,257931,207550,17,0,76.41,898,0.000,0.000,0.000,0.000,0.00,0.00,0.00,0
4500,meridian,18,257930,207551,17,0,18,257931,207551,17,0,76.41,893,0.000,0.000,0.000,0.000,0.00,0.00,0.00,0
