frame,axis,a_level,a_source,a_imagery,b_level,b_source,b_imagery,same_surface,share
1,meridian,15,13,15,15,13,15,1,1.000000
1,meridian,15,13,15,17,13,17,1,1.000000
1,meridian,15,13,15,17,13,17,1,1.000000
1,meridian,15,13,15,17,13,17,1,1.000000
1,meridian,15,13,15,17,13,17,1,1.000000
1,meridian,14,13,15,14,13,15,1,1.000000
1,meridian,15,13,15,15,13,15,1,1.000000
1,meridian,17,13,17,15,13,15,1,1.000000
1,meridian,17,13,17,15,13,15,1,1.000000
1,meridian,17,13,17,15,13,15,1,1.000000
1,meridian,17,13,17,15,13,15,1,1.000000
1,meridian,17,13,17,17,13,17,1,1.000000
1,meridian,18,13,18,18,13,18,1,1.000000
1,meridian,19,13,19,19,13,19,1,1.000000
1,meridian,19,13,19,19,13,19,1,1.000000
1,meridian,19,13,19,19,13,19,1,1.000000
1,meridian,19,13,19,19,13,19,1,1.000000
1,meridian,18,13,18,18,13,18,1,1.000000
1,meridian,17,13,17,17,13,17,1,1.000000
1,parallel,10,10,11,10,10,11,0,1.000000
1,parallel,13,13,14,13,13,14,0,1.000000
1,parallel,13,13,14,13,13,14,0,1.000000
1,parallel,13,13,14,15,13,15,0,1.000000
1,parallel,13,13,14,15,13,15,0,1.000000
1,parallel,13,13,14,15,13,15,0,1.000000
1,parallel,13,13,14,15,13,15,0,1.000000
1,parallel,13,13,14,13,13,14,0,1.000000
1,parallel,4,4,6,4,4,6,0,1.000000
1,parallel,8,8,9,8,8,9,0,1.000000
1,meridian,10,10,11,11,11,12,0,1.000000
1,meridian,10,10,11,11,11,12,0,1.000000
1,meridian,10,10,11,11,11,12,0,1.000000
1,parallel,19,13,19,19,13,19,1,1.000000
1,parallel,19,13,19,19,13,19,1,1.000000
1,parallel,19,13,19,19,13,19,1,1.000000
1,parallel,19,13,19,19,13,19,1,1.000000
1,parallel,17,13,17,17,13,17,1,1.000000
1,parallel,17,13,17,18,13,18,1,1.000000
1,parallel,17,13,17,18,13,18,1,1.000000
1,parallel,17,13,17,18,13,18,1,1.000000
1,parallel,17,13,17,18,13,18,1,1.000000
1,parallel,17,13,17,17,13,17,1,1.000000
1,parallel,17,13,17,17,13,17,1,1.000000
1,parallel,18,13,18,17,13,17,1,1.000000
1,parallel,18,13,18,17,13,17,1,1.000000
1,parallel,18,13,18,17,13,17,1,1.000000
1,parallel,18,13,18,17,13,17,1,1.000000
1,parallel,17,13,17,17,13,17,1,1.000000
1,parallel,4,4,5,4,4,5,0,1.000000
1,parallel,19,13,19,19,13,19,1,1.000000
1,parallel,19,13,19,19,13,19,1,1.000000
1,parallel,19,13,19,19,13,19,1,1.000000
1,parallel,19,13,19,19,13,19,1,1.000000
1,parallel,5,5,6,5,5,6,0,1.000000
1,parallel,5,5,6,5,5,6,0,1.000000
1,parallel,10,10,11,10,10,11,0,1.000000
1,parallel,11,11,12,11,11,12,0,1.000000
1,parallel,13,13,14,12,12,13,0,1.000000
1,parallel,13,13,14,12,12,13,0,1.000000
1,parallel,14,13,15,12,12,13,0,1.000000
1,parallel,14,13,15,12,12,13,0,1.000000
1,parallel,13,13,14,12,12,13,0,1.000000
1,parallel,1,1,3,2,2,4,0,1.000000
1,parallel,1,1,3,2,2,4,0,1.000000
1,parallel,1,1,3,2,2,4,0,1.000000
1,parallel,1,1,3,3,3,5,0,1.000000
1,parallel,1,1,3,3,3,5,0,1.000000
1,parallel,2,2,4,2,2,3,0,1.000000
1,parallel,2,2,4,2,2,3,0,1.000000
1,parallel,3,3,5,3,3,4,0,1.000000
1,parallel,4,4,6,4,4,5,0,1.000000
1,parallel,4,4,6,5,5,6,0,1.000000
1,parallel,4,4,6,5,5,6,0,1.000000
1,parallel,12,12,13,13,13,14,0,1.000000
1,parallel,12,12,13,13,13,14,0,1.000000
1,meridian,13,13,14,13,13,14,0,1.000000
1,meridian,13,13,14,15,13,15,0,1.000000
1,meridian,13,13,14,15,13,15,0,1.000000
1,meridian,13,13,14,14,13,15,0,1.000000
1,meridian,12,12,13,12,12,13,0,1.000000
1,meridian,13,13,14,13,13,14,0,1.000000
1,meridian,13,13,14,13,13,14,0,1.000000
1,parallel,6,6,7,7,7,8,0,1.000000
1,parallel,6,6,7,8,8,9,0,1.000000
1,parallel,15,13,15,15,13,15,1,1.000000
1,parallel,15,13,15,15,13,15,1,1.000000
1,parallel,15,13,15,17,13,17,1,1.000000
1,parallel,15,13,15,17,13,17,1,1.000000
1,parallel,15,13,15,17,13,17,1,1.000000
1,parallel,15,13,15,17,13,17,1,1.000000
1,parallel,15,13,15,15,13,15,1,1.000000
1,parallel,7,7,8,7,7,8,0,1.000000
1,parallel,8,8,9,7,7,8,0,1.000000
1,parallel,10,10,11,7,7,8,0,1.000000
1,parallel,15,13,15,14,13,15,1,1.000000
1,parallel,15,13,15,14,13,15,1,1.000000
1,parallel,17,13,17,14,13,15,1,1.000000
1,parallel,17,13,17,14,13,15,1,1.000000
1,parallel,17,13,17,14,13,15,1,1.000000
1,parallel,17,13,17,14,13,15,1,1.000000
1,parallel,15,13,15,14,13,15,1,1.000000
1,meridian,17,13,17,17,13,17,1,1.000000
1,meridian,17,13,17,18,13,18,1,1.000000
1,meridian,17,13,17,18,13,18,1,1.000000
1,meridian,17,13,17,18,13,18,1,1.000000
1,meridian,17,13,17,18,13,18,1,1.000000
1,meridian,17,13,17,17,13,17,1,1.000000
1,parallel,18,13,18,18,13,18,1,1.000000
1,parallel,18,13,18,19,13,19,1,1.000000
1,parallel,18,13,18,19,13,19,1,1.000000
1,parallel,18,13,18,19,13,19,1,1.000000
1,parallel,18,13,18,19,13,19,1,1.000000
1,parallel,18,13,18,18,13,18,1,1.000000
1,meridian,18,13,18,18,13,18,1,1.000000
1,meridian,19,13,19,18,13,18,1,1.000000
1,meridian,19,13,19,18,13,18,1,1.000000
1,meridian,19,13,19,18,13,18,1,1.000000
1,meridian,19,13,19,18,13,18,1,1.000000
1,meridian,18,13,18,18,13,18,1,1.000000
1,parallel,17,13,17,17,13,17,1,1.000000
1,parallel,18,13,18,18,13,18,1,1.000000
1,parallel,19,13,19,19,13,19,1,1.000000
1,parallel,19,13,19,19,13,19,1,1.000000
1,parallel,19,13,19,19,13,19,1,1.000000
1,parallel,19,13,19,19,13,19,1,1.000000
1,parallel,18,13,18,18,13,18,1,1.000000
1,parallel,17,13,17,17,13,17,1,1.000000
1,meridian,19,13,19,19,13,19,1,1.000000
1,meridian,19,13,19,19,13,19,1,1.000000
1,meridian,19,13,19,19,13,19,1,1.000000
1,meridian,19,13,19,19,13,19,1,1.000000
1,meridian,13,13,14,13,13,14,0,1.000000
1,meridian,15,13,15,13,13,14,0,1.000000
1,meridian,15,13,15,13,13,14,0,1.000000
1,meridian,14,13,15,13,13,14,0,1.000000
1,parallel,18,13,18,18,13,18,1,1.000000
1,parallel,19,13,19,18,13,18,1,1.000000
1,parallel,19,13,19,18,13,18,1,1.000000
1,parallel,19,13,19,18,13,18,1,1.000000
1,parallel,19,13,19,18,13,18,1,1.000000
1,parallel,18,13,18,18,13,18,1,1.000000
1,meridian,5,5,6,6,6,7,0,1.000000
1,meridian,5,5,6,7,7,8,0,1.000000
1,meridian,5,5,6,7,7,8,0,1.000000
1,meridian,18,13,18,18,13,18,1,1.000000
1,meridian,18,13,18,19,13,19,1,1.000000
1,meridian,18,13,18,19,13,19,1,1.000000
1,meridian,18,13,18,19,13,19,1,1.000000
1,meridian,18,13,18,19,13,19,1,1.000000
1,meridian,18,13,18,18,13,18,1,1.000000
1,meridian,19,13,19,19,13,19,1,1.000000
1,meridian,19,13,19,19,13,19,1,1.000000
1,meridian,19,13,19,19,13,19,1,1.000000
1,meridian,19,13,19,19,13,19,1,1.000000
1,parallel,3,3,5,3,3,5,0,1.000000
1,parallel,3,3,5,4,4,6,0,1.000000
1,parallel,10,10,11,10,10,11,0,1.000000
1,meridian,17,13,17,17,13,17,1,1.000000
1,meridian,18,13,18,17,13,17,1,1.000000
1,meridian,18,13,18,17,13,17,1,1.000000
1,meridian,18,13,18,17,13,17,1,1.000000
1,meridian,18,13,18,17,13,17,1,1.000000
1,meridian,17,13,17,17,13,17,1,1.000000
1,meridian,4,4,6,4,4,6,0,1.000000
1,meridian,4,4,5,5,5,6,0,1.000000
1,meridian,4,4,5,5,5,6,0,1.000000
1,meridian,3,3,5,3,3,5,0,1.000000
1,meridian,3,3,5,4,4,6,0,1.000000
1,meridian,3,3,5,4,4,6,0,1.000000
1,meridian,3,3,4,4,4,5,0,1.000000
1,meridian,3,3,4,4,4,5,0,1.000000
1,parallel,11,11,12,11,11,12,0,1.000000
1,meridian,2,2,4,2,2,4,0,1.000000
1,meridian,11,11,12,12,12,13,0,1.000000
1,meridian,11,11,12,13,13,14,0,1.000000
1,meridian,11,11,12,13,13,14,0,1.000000
1,meridian,11,11,12,12,12,13,0,1.000000
1,meridian,1,1,3,1,1,3,0,1.000000
1,meridian,2,2,4,2,2,4,0,1.000000
1,meridian,2,2,3,2,2,3,0,1.000000
1,meridian,8,8,9,10,10,11,0,1.000000
1,meridian,8,8,9,10,10,11,0,1.000000
1,meridian,8,8,9,10,10,11,0,1.000000
1,meridian,8,8,9,10,10,11,0,1.000000
1,meridian,2,2,4,3,3,5,0,1.000000
1,meridian,2,2,4,3,3,5,0,1.000000
1,meridian,2,2,3,3,3,4,0,1.000000
1,meridian,5,5,6,5,5,6,0,1.000000
1,meridian,5,5,6,5,5,6,0,1.000000
1,meridian,7,7,8,8,8,9,0,1.000000
1,meridian,7,7,8,8,8,9,0,1.000000
1,meridian,7,7,8,7,7,8,0,1.000000
1,meridian,15,13,15,15,13,15,1,1.000000
1,meridian,15,13,15,15,13,15,1,1.000000
24,parallel,1,1,3,3,3,5,0,1.000000
24,parallel,1,1,3,3,3,5,0,1.000000
24,parallel,1,1,3,2,2,4,0,1.000000
24,parallel,1,1,3,2,2,4,0,1.000000
24,parallel,11,11,12,11,11,12,0,1.000000
24,parallel,4,4,6,4,4,6,0,1.000000
24,parallel,18,13,18,18,13,18,1,1.000000
24,parallel,18,13,18,18,13,18,1,1.000000
24,parallel,19,13,19,19,13,19,1,1.000000
24,parallel,19,13,19,19,13,19,1,1.000000
24,parallel,19,13,19,19,13,19,1,1.000000
24,parallel,19,13,19,19,13,19,1,1.000000
24,parallel,17,13,17,17,13,17,1,1.000000
24,parallel,17,13,17,17,13,17,1,1.000000
24,parallel,6,6,7,7,7,8,0,1.000000
24,parallel,6,6,7,7,7,8,0,1.000000
24,meridian,12,12,13,12,12,13,0,1.000000
24,meridian,12,12,13,12,12,13,0,1.000000
24,meridian,12,12,13,12,12,13,0,1.000000
24,parallel,16,13,16,16,13,16,1,1.000000
24,parallel,18,13,18,16,13,16,1,1.000000
24,parallel,18,13,18,16,13,16,1,1.000000
24,parallel,18,13,18,16,13,16,1,1.000000
24,parallel,18,13,18,16,13,16,1,1.000000
24,parallel,17,13,17,15,13,15,1,1.000000
24,parallel,17,13,17,15,13,15,1,1.000000
24,parallel,16,13,16,15,13,15,1,1.000000
24,meridian,14,13,15,14,13,15,1,1.000000
24,meridian,14,13,15,14,13,15,1,1.000000
24,parallel,11,11,12,12,12,13,0,1.000000
24,parallel,11,11,12,12,12,13,0,1.000000
24,parallel,11,11,12,11,11,12,0,1.000000
24,parallel,8,8,9,9,9,10,0,1.000000
24,meridian,3,3,5,2,2,4,0,1.000000
24,meridian,3,3,5,2,2,4,0,1.000000
24,meridian,3,3,4,2,2,3,0,1.000000
24,meridian,18,13,18,18,13,18,1,1.000000
24,meridian,18,13,18,18,13,18,1,1.000000
24,meridian,18,13,18,18,13,18,1,1.000000
24,meridian,18,13,18,18,13,18,1,1.000000
24,meridian,1,1,3,1,1,3,0,1.000000
24,meridian,2,2,4,2,2,4,0,1.000000
24,meridian,2,2,3,2,2,3,0,1.000000
24,parallel,12,12,13,12,12,13,0,1.000000
24,parallel,12,12,13,12,12,13,0,1.000000
24,parallel,4,4,6,6,6,7,0,1.000000
24,parallel,4,4,6,5,5,6,0,1.000000
24,parallel,4,4,6,4,4,5,0,1.000000
24,parallel,3,3,5,3,3,4,0,1.000000
24,parallel,2,2,4,2,2,3,0,1.000000
24,parallel,2,2,4,2,2,3,0,1.000000
24,parallel,19,13,19,19,13,19,1,1.000000
24,parallel,19,13,19,19,13,19,1,1.000000
24,parallel,19,13,19,19,13,19,1,1.000000
24,parallel,19,13,19,19,13,19,1,1.000000
24,meridian,14,13,15,14,13,15,0,1.000000
24,meridian,14,13,15,16,13,16,0,1.000000
24,meridian,14,13,15,16,13,16,0,1.000000
24,meridian,14,13,15,16,13,16,0,1.000000
24,meridian,14,13,15,16,13,16,0,1.000000
24,meridian,13,13,14,13,13,14,0,1.000000
24,parallel,14,13,15,14,13,15,1,1.000000
24,parallel,14,13,15,14,13,15,1,1.000000
24,parallel,14,13,15,16,13,16,1,1.000000
24,parallel,14,13,15,16,13,16,1,1.000000
24,parallel,14,13,15,16,13,16,1,1.000000
24,parallel,14,13,15,16,13,16,1,1.000000
24,parallel,14,13,15,14,13,15,1,1.000000
24,meridian,19,13,19,19,13,19,1,1.000000
24,meridian,19,13,19,19,13,19,1,1.000000
24,meridian,19,13,19,19,13,19,1,1.000000
24,meridian,19,13,19,19,13,19,1,1.000000
24,meridian,16,13,16,16,13,16,1,1.000000
24,meridian,16,13,16,18,13,18,1,1.000000
24,meridian,16,13,16,18,13,18,1,1.000000
24,meridian,16,13,16,18,13,18,1,1.000000
24,meridian,16,13,16,18,13,18,1,1.000000
24,meridian,16,13,16,16,13,16,1,1.000000
24,meridian,16,13,16,16,13,16,1,1.000000
24,meridian,4,4,6,4,4,6,0,1.000000
24,meridian,5,5,6,4,4,5,0,1.000000
24,meridian,5,5,6,4,4,5,0,1.000000
24,meridian,3,3,5,3,3,5,0,1.000000
24,meridian,4,4,6,3,3,5,0,1.000000
24,meridian,4,4,6,3,3,5,0,1.000000
24,meridian,4,4,5,3,3,4,0,1.000000
24,meridian,18,13,18,18,13,18,1,1.000000
24,meridian,19,13,19,19,13,19,1,1.000000
24,meridian,19,13,19,19,13,19,1,1.000000
24,meridian,19,13,19,19,13,19,1,1.000000
24,meridian,19,13,19,19,13,19,1,1.000000
24,meridian,18,13,18,18,13,18,1,1.000000
24,meridian,14,13,15,14,13,15,1,1.000000
24,meridian,16,13,16,14,13,15,1,1.000000
24,meridian,16,13,16,14,13,15,1,1.000000
24,meridian,15,13,15,14,13,15,1,1.000000
24,parallel,18,13,18,18,13,18,1,1.000000
24,parallel,18,13,18,18,13,18,1,1.000000
24,parallel,19,13,19,18,13,18,1,1.000000
24,parallel,19,13,19,18,13,18,1,1.000000
24,parallel,19,13,19,18,13,18,1,1.000000
24,parallel,19,13,19,18,13,18,1,1.000000
24,meridian,16,13,16,16,13,16,1,1.000000
24,meridian,18,13,18,17,13,17,1,1.000000
24,meridian,19,13,19,17,13,17,1,1.000000
24,meridian,19,13,19,17,13,17,1,1.000000
24,meridian,19,13,19,17,13,17,1,1.000000
24,meridian,19,13,19,17,13,17,1,1.000000
24,meridian,18,13,18,17,13,17,1,1.000000
24,meridian,16,13,16,15,13,15,1,1.000000
24,meridian,16,13,16,15,13,15,1,1.000000
24,meridian,12,12,13,14,13,15,0,1.000000
24,meridian,12,12,13,14,13,15,0,1.000000
24,meridian,19,13,19,19,13,19,1,1.000000
24,meridian,19,13,19,19,13,19,1,1.000000
24,meridian,19,13,19,19,13,19,1,1.000000
24,meridian,19,13,19,19,13,19,1,1.000000
24,parallel,16,13,16,16,13,16,1,1.000000
24,parallel,16,13,16,16,13,16,1,1.000000
24,meridian,11,11,12,11,11,12,0,1.000000
24,meridian,12,12,13,11,11,12,0,1.000000
24,meridian,12,12,13,11,11,12,0,1.000000
24,meridian,12,12,13,11,11,12,0,1.000000
24,meridian,12,12,13,11,11,12,0,1.000000
24,parallel,7,7,8,7,7,8,0,1.000000
24,parallel,7,7,8,7,7,8,0,1.000000
24,parallel,5,5,6,5,5,6,0,1.000000
24,meridian,16,13,16,16,13,16,1,1.000000
24,meridian,17,13,17,16,13,16,1,1.000000
24,meridian,17,13,17,16,13,16,1,1.000000
24,parallel,16,13,16,16,13,16,1,1.000000
24,parallel,16,13,16,18,13,18,1,1.000000
24,parallel,16,13,16,18,13,18,1,1.000000
24,parallel,16,13,16,18,13,18,1,1.000000
24,parallel,16,13,16,18,13,18,1,1.000000
24,parallel,16,13,16,17,13,17,1,1.000000
24,parallel,16,13,16,17,13,17,1,1.000000
24,parallel,16,13,16,16,13,16,1,1.000000
24,meridian,17,13,17,17,13,17,1,1.000000
24,meridian,17,13,17,17,13,17,1,1.000000
24,meridian,7,7,8,7,7,8,0,1.000000
24,meridian,7,7,8,7,7,8,0,1.000000
24,meridian,6,6,7,5,5,6,0,1.000000
24,meridian,7,7,8,5,5,6,0,1.000000
24,meridian,7,7,8,5,5,6,0,1.000000
24,meridian,13,13,14,12,12,13,0,1.000000
24,meridian,14,13,15,12,12,13,0,1.000000
24,meridian,14,13,15,12,12,13,0,1.000000
24,meridian,13,13,14,12,12,13,0,1.000000
24,parallel,19,13,19,19,13,19,1,1.000000
24,parallel,19,13,19,19,13,19,1,1.000000
24,parallel,19,13,19,19,13,19,1,1.000000
24,parallel,19,13,19,19,13,19,1,1.000000
24,meridian,18,13,18,18,13,18,1,1.000000
24,meridian,18,13,18,19,13,19,1,1.000000
24,meridian,18,13,18,19,13,19,1,1.000000
24,meridian,18,13,18,19,13,19,1,1.000000
24,meridian,18,13,18,19,13,19,1,1.000000
24,meridian,18,13,18,18,13,18,1,1.000000
24,parallel,3,3,5,4,4,6,0,1.000000
24,parallel,3,3,5,3,3,5,0,1.000000
24,parallel,14,13,15,13,13,14,0,1.000000
24,parallel,14,13,15,13,13,14,0,1.000000
24,parallel,16,13,16,13,13,14,0,1.000000
24,parallel,16,13,16,13,13,14,0,1.000000
24,parallel,15,13,15,13,13,14,0,1.000000
24,parallel,14,13,15,13,13,14,0,1.000000
24,parallel,12,12,13,12,12,13,0,1.000000
24,parallel,12,12,13,12,12,13,0,1.000000
24,parallel,11,11,12,11,11,12,0,1.000000
24,parallel,9,9,10,9,9,10,0,1.000000
24,parallel,18,13,18,18,13,18,1,1.000000
24,parallel,18,13,18,18,13,18,1,1.000000
24,parallel,18,13,18,19,13,19,1,1.000000
24,parallel,18,13,18,19,13,19,1,1.000000
24,parallel,18,13,18,19,13,19,1,1.000000
24,parallel,18,13,18,19,13,19,1,1.000000
24,meridian,11,11,12,9,9,10,0,1.000000
24,meridian,11,11,12,9,9,10,0,1.000000
24,meridian,11,11,12,9,9,10,0,1.000000
24,meridian,11,11,12,9,9,10,0,1.000000
24,parallel,13,13,14,14,13,15,0,1.000000
24,parallel,13,13,14,14,13,15,0,1.000000
24,parallel,12,12,13,12,12,13,0,1.000000
24,meridian,8,8,9,7,7,8,0,1.000000
24,meridian,9,9,10,7,7,8,0,1.000000
24,meridian,9,9,10,7,7,8,0,1.000000
